route_id,service_id,trip_id,trip_headsign,direction_id,block_id,shape_id,hora_inicio,hora_final
68,FE,FE0680011,Circular 1,1,,068_B,07:00:00,07:34:01
68,FE,FE0680012,Circular 1,0,,068_A,07:34:00,08:11:59
68,FE,FE0680013,Circular 1,1,,068_B,08:12:00,08:46:01
68,FE,FE0680014,Circular 1,0,,068_A,08:46:00,09:28:59
68,FE,FE0680015,Circular 1,1,,068_B,09:29:00,10:11:00
68,FE,FE0680016,Circular 1,0,,068_A,10:11:00,11:01:01
68,FE,FE0680017,Circular 1,1,,068_B,11:01:00,11:48:01
68,FE,FE0680018,Circular 1,0,,068_A,11:48:00,12:40:00
68,FE,FE0680019,Circular 1,1,,068_B,12:40:00,13:19:58
68,FE,FE06800110,Circular 1,0,,068_A,13:20:00,14:16:02
68,FE,FE06800111,Circular 1,1,,068_B,14:16:00,15:05:00
68,FE,FE06800112,Circular 1,0,,068_A,15:05:00,15:55:01
68,FE,FE06800113,Circular 1,1,,068_B,15:55:00,16:34:00
68,FE,FE06800114,Circular 1,0,,068_A,16:34:00,17:26:00
68,FE,FE06800115,Circular 1,1,,068_B,17:26:00,18:10:02
68,FE,FE06800116,Circular 1,0,,068_A,18:10:00,19:04:00
68,FE,FE06800117,Circular 1,1,,068_B,19:04:00,19:45:02
68,FE,FE06800118,Circular 1,0,,068_A,19:45:00,20:36:03
68,FE,FE06800119,Circular 1,1,,068_B,20:36:00,21:15:00
68,FE,FE06800120,Circular 1,0,,068_A,21:15:00,22:02:02
68,FE,FE06800121,Circular 1,1,,068_B,22:02:00,22:35:00
68,FE,FE0680021,Circular 1,0,,068_A,07:00:00,07:36:02
68,FE,FE0680022,Circular 1,1,,068_B,07:36:00,08:06:59
68,FE,FE0680023,Circular 1,0,,068_A,08:07:00,08:47:00
68,FE,FE0680024,Circular 1,1,,068_B,08:47:00,09:21:59
68,FE,FE0680025,Circular 1,0,,068_A,09:22:00,10:06:59
68,FE,FE0680026,Circular 1,1,,068_B,10:07:00,10:51:02
68,FE,FE0680027,Circular 1,0,,068_A,10:51:00,11:43:00
68,FE,FE0680028,Circular 1,1,,068_B,11:43:00,12:24:02
68,FE,FE0680029,Circular 1,0,,068_A,12:24:00,13:16:00
68,FE,FE06800210,Circular 1,1,,068_B,13:16:00,13:57:02
68,FE,FE06800211,Circular 1,0,,068_A,13:57:00,14:49:00
68,FE,FE06800212,Circular 1,1,,068_B,14:49:00,15:28:00
68,FE,FE06800213,Circular 1,0,,068_A,15:28:00,16:18:01
68,FE,FE06800214,Circular 1,1,,068_B,16:18:00,16:56:04
68,FE,FE06800215,Circular 1,0,,068_A,16:56:00,17:48:00
68,FE,FE06800216,Circular 1,1,,068_B,17:48:00,18:29:02
68,FE,FE06800217,Circular 1,0,,068_A,18:29:00,19:22:00
68,FE,FE06800218,Circular 1,1,,068_B,19:22:00,20:05:00
68,FE,FE06800219,Circular 1,0,,068_A,20:05:00,20:56:03
68,FE,FE06800220,Circular 1,1,,068_B,20:56:00,21:35:00
68,FE,FE06800221,Circular 1,0,,068_A,21:35:00,22:23:58
68,FE,FE06800222,Circular 1,1,,068_B,22:24:00,23:00:02
68,FE,FE06800223,Circular 1,0,,068_A,23:00:00,23:37:59
68,FE,FE0680031,Circular 1,1,,068_B,07:18:00,07:51:00
68,FE,FE0680032,Circular 1,0,,068_A,07:51:00,08:30:03
68,FE,FE0680033,Circular 1,1,,068_B,08:30:00,09:09:58
68,FE,FE0680034,Circular 1,0,,068_A,09:10:00,09:54:59
68,FE,FE0680035,Circular 1,1,,068_B,09:55:00,10:40:58
68,FE,FE0680036,Circular 1,0,,068_A,10:41:00,11:32:03
68,FE,FE0680037,Circular 1,1,,068_B,11:32:00,12:15:00
68,FE,FE0680038,Circular 1,0,,068_A,12:15:00,13:07:00
68,FE,FE0680039,Circular 1,1,,068_B,13:07:00,13:46:58
68,FE,FE06800310,Circular 1,0,,068_A,13:47:00,14:38:03
68,FE,FE06800311,Circular 1,1,,068_B,14:38:00,15:17:00
68,FE,FE06800312,Circular 1,0,,068_A,15:17:00,16:07:01
68,FE,FE06800313,Circular 1,1,,068_B,16:07:00,16:45:04
68,FE,FE06800314,Circular 1,0,,068_A,16:45:00,17:37:00
68,FE,FE06800315,Circular 1,1,,068_B,17:37:00,18:19:00
68,FE,FE06800316,Circular 1,0,,068_A,18:19:00,19:13:00
68,FE,FE06800317,Circular 1,1,,068_B,19:13:00,19:55:00
68,FE,FE06800318,Circular 1,0,,068_A,19:55:00,20:46:03
68,FE,FE06800319,Circular 1,1,,068_B,20:46:00,21:25:00
68,FE,FE06800320,Circular 1,0,,068_A,21:25:00,22:12:59
68,FE,FE06800321,Circular 1,1,,068_B,22:13:00,22:46:00
68,FE,FE06800322,Circular 1,0,,068_A,22:46:00,23:30:02
68,FE,FE06800323,Circular 1,1,,068_B,23:30:00,23:59:01
68,FE,FE0680041,Circular 1,0,,068_A,07:17:00,07:53:57
68,FE,FE0680042,Circular 1,1,,068_B,07:54:00,08:33:00
68,FE,FE0680043,Circular 1,0,,068_A,08:33:00,09:14:59
68,FE,FE0680044,Circular 1,1,,068_B,09:15:00,09:51:59
68,FE,FE0680045,Circular 1,0,,068_A,09:52:00,10:39:59
68,FE,FE0680046,Circular 1,1,,068_B,10:40:00,11:21:02
68,FE,FE0680047,Circular 1,0,,068_A,11:21:00,12:13:00
68,FE,FE0680048,Circular 1,1,,068_B,12:13:00,12:52:58
68,FE,FE0680049,Circular 1,0,,068_A,12:53:00,13:45:00
68,FE,FE06800410,Circular 1,1,,068_B,13:45:00,14:30:00
68,FE,FE06800411,Circular 1,0,,068_A,14:30:00,15:22:00
68,FE,FE06800412,Circular 1,1,,068_B,15:22:00,16:01:00
68,FE,FE06800413,Circular 1,0,,068_A,16:01:00,16:51:01
68,FE,FE06800414,Circular 1,1,,068_B,16:51:00,17:34:00
68,FE,FE06800415,Circular 1,0,,068_A,17:34:00,18:28:00
68,FE,FE06800416,Circular 1,1,,068_B,18:28:00,19:07:58
68,FE,FE06800417,Circular 1,0,,068_A,19:08:00,19:59:03
68,FE,FE06800418,Circular 1,1,,068_B,19:59:00,20:35:59
68,FE,FE0680051,Circular 1,0,,068_A,08:20:00,09:01:00
68,FE,FE0680052,Circular 1,1,,068_B,09:01:00,09:42:02
68,FE,FE0680053,Circular 1,0,,068_A,09:42:00,10:29:02
68,FE,FE0680054,Circular 1,1,,068_B,10:29:00,11:11:00
68,FE,FE0680055,Circular 1,0,,068_A,11:11:00,12:03:00
68,FE,FE0680056,Circular 1,1,,068_B,12:03:00,12:42:58
68,FE,FE0680057,Circular 1,0,,068_A,12:43:00,13:35:00
68,FE,FE0680058,Circular 1,1,,068_B,13:35:00,14:19:02
68,FE,FE0680059,Circular 1,0,,068_A,14:19:00,15:11:00
68,FE,FE06800510,Circular 1,1,,068_B,15:11:00,15:50:00
68,FE,FE06800511,Circular 1,0,,068_A,15:50:00,16:40:01
68,FE,FE06800512,Circular 1,1,,068_B,16:40:00,17:25:00
68,FE,FE06800513,Circular 1,0,,068_A,17:25:00,18:19:00
68,FE,FE06800514,Circular 1,1,,068_B,18:19:00,18:58:58
68,FE,FE06800515,Circular 1,0,,068_A,18:59:00,19:50:03
68,FE,FE06800516,Circular 1,1,,068_B,19:50:00,20:35:00
68,FE,FE06800517,Circular 1,0,,068_A,20:35:00,21:22:59
68,FE,FE06800518,Circular 1,1,,068_B,21:23:00,21:59:02
68,FE,FE0680061,Circular 1,0,,068_A,08:58:00,09:42:02
68,FE,FE0680062,Circular 1,1,,068_B,09:42:00,10:21:00
68,FE,FE0680063,Circular 1,0,,068_A,10:21:00,11:11:01
68,FE,FE0680064,Circular 1,1,,068_B,11:11:00,11:56:58
68,FE,FE0680065,Circular 1,0,,068_A,11:57:00,12:49:00
68,FE,FE0680066,Circular 1,1,,068_B,12:49:00,13:28:58
68,FE,FE0680067,Circular 1,0,,068_A,13:29:00,14:27:01
68,FE,FE0680068,Circular 1,1,,068_B,14:27:00,15:06:00
68,FE,FE0680069,Circular 1,0,,068_A,17:52:00,18:46:00
68,FE,FE06800610,Circular 1,1,,068_B,18:46:00,19:25:58
68,FE,FE06800611,Circular 1,0,,068_A,19:26:00,20:17:03
68,FE,FE06800612,Circular 1,1,,068_B,20:17:00,20:55:04
68,FE,FE06800613,Circular 1,0,,068_A,20:55:00,21:42:02
68,FE,FE06800614,Circular 1,1,,068_B,21:42:00,22:20:04
68,FE,FE06800615,Circular 1,0,,068_A,22:20:00,23:01:59
68,FE,FE06800616,Circular 1,1,,068_B,23:02:00,23:32:00
68,FE,FE0680071,Circular 1,0,,068_A,09:32:00,10:17:59
68,FE,FE0680072,Circular 1,1,,068_B,10:18:00,11:01:00
68,FE,FE0680073,Circular 1,0,,068_A,11:01:00,11:53:00
68,FE,FE0680074,Circular 1,1,,068_B,11:53:00,12:32:58
68,FE,FE0680075,Circular 1,0,,068_A,12:33:00,13:25:00
68,FE,FE0680076,Circular 1,1,,068_B,13:25:00,14:08:00
68,FE,FE0680077,Circular 1,0,,068_A,14:08:00,15:00:00
68,FE,FE0680078,Circular 1,1,,068_B,15:00:00,15:39:00
68,FE,FE0680079,Circular 1,0,,068_A,15:39:00,16:29:01
68,FE,FE06800710,Circular 1,1,,068_B,16:29:00,17:07:04
68,FE,FE06800711,Circular 1,0,,068_A,17:07:00,17:59:00
68,FE,FE06800712,Circular 1,1,,068_B,17:59:00,18:38:58
68,FE,FE06800713,Circular 1,0,,068_A,18:39:00,19:31:00
68,FE,FE06800714,Circular 1,1,,068_B,19:31:00,20:15:02
68,FE,FE06800715,Circular 1,0,,068_A,20:15:00,21:05:01
68,FE,FE06800716,Circular 1,1,,068_B,21:05:00,21:44:58
68,FE,FE06800717,Circular 1,0,,068_A,21:45:00,22:36:03
68,FE,FE06800718,Circular 1,1,,068_B,22:36:00,23:07:59
68,FE,FE0680081,Circular 1,0,,068_A,10:01:00,10:49:58
68,FE,FE0680082,Circular 1,1,,068_B,10:50:00,11:29:58
68,FE,FE0680083,Circular 1,0,,068_A,11:30:00,12:22:00
68,FE,FE0680084,Circular 1,1,,068_B,12:22:00,13:01:58
68,FE,FE0680085,Circular 1,0,,068_A,13:02:00,13:55:00
68,FE,FE0680086,Circular 1,1,,068_B,13:55:00,14:40:58
68,FE,FE0680087,Circular 1,0,,068_A,14:41:00,15:33:00
68,FE,FE0680088,Circular 1,1,,068_B,15:33:00,16:12:00
68,FE,FE0680089,Circular 1,0,,068_A,16:12:00,17:03:03
68,FE,FE06800810,Circular 1,1,,068_B,17:03:00,17:42:58
68,FE,FE06800811,Circular 1,0,,068_A,17:43:00,18:37:00
68,FE,FE06800812,Circular 1,1,,068_B,18:37:00,19:16:58
68,FE,FE06800813,Circular 1,0,,068_A,19:17:00,20:08:03
68,FE,FE06800814,Circular 1,1,,068_B,20:08:00,20:44:59
68,FE,FE06800815,Circular 1,0,,068_A,20:45:00,21:32:02
68,FE,FE06800816,Circular 1,1,,068_B,21:32:00,22:08:02
68,FE,FE06800817,Circular 1,0,,068_A,22:08:00,22:49:00
68,FE,FE0680091,Circular 1,0,,068_A,10:31:00,11:21:01
68,FE,FE0680092,Circular 1,1,,068_B,11:21:00,12:06:00
68,FE,FE0680093,Circular 1,0,,068_A,12:06:00,12:58:00
68,FE,FE0680094,Circular 1,1,,068_B,12:58:00,13:37:58
68,FE,FE0680095,Circular 1,0,,068_A,13:38:00,14:29:03
68,FE,FE0680096,Circular 1,0,,068_A,17:16:00,18:09:00
68,FE,FE0680097,Circular 1,1,,068_B,18:09:00,18:48:58
68,FE,FE0680098,Circular 1,0,,068_A,18:49:00,19:40:03
68,FE,FE0680099,Circular 1,1,,068_B,19:40:00,20:25:00
68,FE,FE06800910,Circular 1,0,,068_A,20:25:00,21:13:58
68,FE,FE06800911,Circular 1,1,,068_B,21:14:00,21:56:00
68,FE,FE06800912,Circular 1,0,,068_A,21:56:00,22:48:00
68,FE,FE06800913,Circular 1,1,,068_B,22:48:00,23:18:00
68,FE,FE0680101,Circular 1,0,,068_A,11:39:00,12:31:00
68,FE,FE0680102,Circular 1,1,,068_B,12:31:00,13:10:58
68,FE,FE0680103,Circular 1,0,,068_A,13:11:00,14:05:00
68,FE,FE0680104,Circular 1,1,,068_B,14:05:00,14:52:57
68,FE,FE0680105,Circular 1,0,,068_A,14:53:00,15:44:03
68,FE,FE0680106,Circular 1,1,,068_B,15:44:00,16:23:00
68,FE,FE0680107,Circular 1,0,,068_A,16:23:00,17:15:00
68,FE,FE0680108,Circular 1,1,,068_B,17:15:00,18:00:58
68,FE,FE0680109,Circular 1,0,,068_A,18:01:00,18:55:00
68,FE,FE06801010,Circular 1,1,,068_B,18:55:00,19:34:58
68,FE,FE06801011,Circular 1,0,,068_A,19:35:00,20:26:03
68,FE,FE06801012,Circular 1,1,,068_B,20:26:00,21:05:00
68,FE,FE06801013,Circular 1,0,,068_A,21:05:00,21:52:02
68,FE,FE06801014,Circular 1,1,,068_B,21:52:00,22:31:58
68,FE,FE06801015,Circular 1,0,,068_A,22:32:00,23:16:02
68,FE,FE06801016,Circular 1,1,,068_B,23:16:00,23:45:01
68,LA,LA0680011,Circular 1,0,,068_A,05:25:00,06:00:00
68,LA,LA0680012,Circular 1,1,,068_B,06:00:00,06:36:02
68,LA,LA0680013,Circular 1,0,,068_A,06:36:00,07:23:02
68,LA,LA0680014,Circular 1,1,,068_B,07:23:00,08:08:00
68,LA,LA0680015,Circular 1,0,,068_A,08:08:00,09:06:59
68,LA,LA0680016,Circular 1,1,,068_B,09:07:00,09:56:58
68,LA,LA0680017,Circular 1,1,,068_B,12:19:00,13:06:01
68,LA,LA0680018,Circular 1,0,,068_A,13:06:00,14:04:01
68,LA,LA0680019,Circular 1,1,,068_B,14:04:00,14:48:02
68,LA,LA06800110,Circular 1,0,,068_A,14:48:00,15:42:00
68,LA,LA06800111,Circular 1,1,,068_B,15:42:00,16:25:00
68,LA,LA06800112,Circular 1,0,,068_A,16:25:00,17:23:01
68,LA,LA06800113,Circular 1,1,,068_B,17:23:00,18:08:00
68,LA,LA06800114,Circular 1,0,,068_A,18:08:00,19:07:58
68,LA,LA06800115,Circular 1,1,,068_B,19:08:00,19:55:57
68,LA,LA06800116,Circular 1,0,,068_A,19:56:00,20:51:01
68,LA,LA06800117,Circular 1,1,,068_B,20:51:00,21:27:59
68,LA,LA0680021,Circular 1,0,,068_A,05:35:00,06:11:02
68,LA,LA0680022,Circular 1,1,,068_B,06:11:00,06:45:59
68,LA,LA0680023,Circular 1,0,,068_A,06:46:00,07:31:59
68,LA,LA0680024,Circular 1,1,,068_B,07:32:00,08:19:57
68,LA,LA0680025,Circular 1,0,,068_A,08:20:00,09:16:02
68,LA,LA0680026,Circular 1,1,,068_B,09:16:00,10:07:00
68,LA,LA0680027,Circular 1,0,,068_A,10:07:00,11:03:59
68,LA,LA0680028,Circular 1,1,,068_B,11:04:00,11:51:57
68,LA,LA0680029,Circular 1,0,,068_A,11:52:00,12:50:01
68,LA,LA06800210,Circular 1,1,,068_B,12:50:00,13:37:01
68,LA,LA06800211,Circular 1,0,,068_A,13:37:00,14:33:59
68,LA,LA06800212,Circular 1,1,,068_B,14:34:00,15:18:02
68,LA,LA06800213,Circular 1,0,,068_A,15:18:00,16:13:01
68,LA,LA06800214,Circular 1,1,,068_B,16:13:00,16:58:00
68,LA,LA06800215,Circular 1,0,,068_A,16:58:00,17:56:01
68,LA,LA06800216,Circular 1,1,,068_B,17:56:00,18:41:58
68,LA,LA06800217,Circular 1,0,,068_A,18:42:00,19:40:59
68,LA,LA06800218,Circular 1,1,,068_B,19:41:00,20:26:00
68,LA,LA06800219,Circular 1,0,,068_A,20:26:00,21:18:00
68,LA,LA06800220,Circular 1,1,,068_B,21:18:00,21:54:02
68,LA,LA0680031,Circular 1,0,,068_A,05:45:00,06:25:00
68,LA,LA0680032,Circular 1,1,,068_B,06:25:00,06:59:01
68,LA,LA0680033,Circular 1,0,,068_A,06:59:00,07:50:03
68,LA,LA0680034,Circular 1,1,,068_B,07:50:00,08:37:57
68,LA,LA0680035,Circular 1,0,,068_A,08:38:00,09:34:59
68,LA,LA0680036,Circular 1,1,,068_B,09:35:00,10:24:00
68,LA,LA0680037,Circular 1,0,,068_A,10:24:00,11:20:59
68,LA,LA0680038,Circular 1,1,,068_B,11:21:00,12:08:01
68,LA,LA0680039,Circular 1,0,,068_A,12:08:00,13:06:01
68,LA,LA06800310,Circular 1,1,,068_B,13:06:00,13:50:02
68,LA,LA06800311,Circular 1,0,,068_A,13:50:00,14:46:02
68,LA,LA06800312,Circular 1,1,,068_B,14:46:00,15:30:02
68,LA,LA06800313,Circular 1,0,,068_A,15:30:00,16:26:59
68,LA,LA06800314,Circular 1,1,,068_B,16:27:00,17:10:00
68,LA,LA06800315,Circular 1,0,,068_A,17:10:00,18:08:01
68,LA,LA06800316,Circular 1,1,,068_B,18:08:00,18:53:58
68,LA,LA06800317,Circular 1,0,,068_A,18:54:00,19:57:00
68,LA,LA06800318,Circular 1,1,,068_B,19:57:00,20:38:02
68,LA,LA06800319,Circular 1,0,,068_A,20:38:00,21:31:00
68,LA,LA06800320,Circular 1,1,,068_B,21:31:00,22:09:04
68,LA,LA06800321,Circular 1,0,,068_A,22:09:00,22:57:58
68,LA,LA06800322,Circular 1,1,,068_B,22:58:00,23:24:59
68,LA,LA0680041,Circular 1,0,,068_A,05:54:00,06:36:59
68,LA,LA0680042,Circular 1,1,,068_B,06:37:00,07:15:04
68,LA,LA0680043,Circular 1,0,,068_A,07:15:00,08:07:00
68,LA,LA0680044,Circular 1,1,,068_B,08:07:00,08:56:58
68,LA,LA0680045,Circular 1,0,,068_A,08:57:00,09:53:02
68,LA,LA0680046,Circular 1,1,,068_B,09:53:00,10:40:57
68,LA,LA0680047,Circular 1,0,,068_A,10:41:00,11:39:01
68,LA,LA0680048,Circular 1,1,,068_B,11:39:00,12:26:57
68,LA,LA0680049,Circular 1,0,,068_A,12:27:00,13:25:01
68,LA,LA06800410,Circular 1,1,,068_B,13:25:00,14:09:02
68,LA,LA06800411,Circular 1,0,,068_A,14:09:00,15:05:02
68,LA,LA06800412,Circular 1,1,,068_B,15:05:00,15:47:00
68,LA,LA06800413,Circular 1,0,,068_A,15:47:00,16:45:01
68,LA,LA06800414,Circular 1,1,,068_B,16:45:00,17:29:02
68,LA,LA06800415,Circular 1,0,,068_A,17:29:00,18:27:59
68,LA,LA06800416,Circular 1,1,,068_B,18:28:00,19:13:58
68,LA,LA06800417,Circular 1,0,,068_A,19:14:00,20:14:59
68,LA,LA06800418,Circular 1,1,,068_B,20:15:00,20:56:02
68,LA,LA06800419,Circular 1,0,,068_A,20:56:00,21:44:58
68,LA,LA0680051,Circular 1,0,,068_A,06:02:00,06:42:00
68,LA,LA0680052,Circular 1,1,,068_B,06:42:00,07:23:02
68,LA,LA0680053,Circular 1,0,,068_A,07:23:00,08:15:00
68,LA,LA0680054,Circular 1,1,,068_B,08:15:00,09:07:02
68,LA,LA0680055,Circular 1,0,,068_A,09:07:00,10:03:02
68,LA,LA0680056,Circular 1,1,,068_B,10:03:00,10:50:57
68,LA,LA0680057,Circular 1,0,,068_A,10:51:00,11:49:01
68,LA,LA0680058,Circular 1,1,,068_B,11:49:00,12:36:57
68,LA,LA0680059,Circular 1,0,,068_A,12:37:00,13:35:01
68,LA,LA06800510,Circular 1,1,,068_B,13:35:00,14:19:02
68,LA,LA06800511,Circular 1,0,,068_A,14:19:00,15:14:01
68,LA,LA06800512,Circular 1,1,,068_B,15:14:00,15:56:00
68,LA,LA06800513,Circular 1,0,,068_A,15:56:00,16:54:01
68,LA,LA06800514,Circular 1,1,,068_B,16:54:00,17:38:02
68,LA,LA06800515,Circular 1,0,,068_A,17:38:00,18:37:58
68,LA,LA06800516,Circular 1,1,,068_B,18:38:00,19:23:58
68,LA,LA06800517,Circular 1,0,,068_A,19:24:00,20:20:59
68,LA,LA06800518,Circular 1,1,,068_B,20:21:00,21:03:00
68,LA,LA06800519,Circular 1,0,,068_A,21:03:00,21:51:58
68,LA,LA06800520,Circular 1,1,,068_B,21:52:00,22:28:02
68,LA,LA0680061,Circular 1,1,,068_B,06:18:00,06:54:59
68,LA,LA0680062,Circular 1,0,,068_A,06:55:00,07:45:01
68,LA,LA0680063,Circular 1,1,,068_B,07:45:00,08:32:57
68,LA,LA0680064,Circular 1,0,,068_A,08:33:00,09:29:59
68,LA,LA0680065,Circular 1,1,,068_B,09:30:00,10:17:57
68,LA,LA0680066,Circular 1,0,,068_A,10:18:00,11:14:59
68,LA,LA0680067,Circular 1,1,,068_B,11:15:00,12:02:57
68,LA,LA0680068,Circular 1,0,,068_A,12:03:00,13:01:01
68,LA,LA0680069,Circular 1,1,,068_B,13:01:00,13:45:02
68,LA,LA06800610,Circular 1,0,,068_A,13:45:00,14:41:59
68,LA,LA06800611,Circular 1,1,,068_B,14:42:00,15:26:02
68,LA,LA06800612,Circular 1,0,,068_A,15:26:00,16:22:02
68,LA,LA06800613,Circular 1,1,,068_B,16:22:00,17:06:02
68,LA,LA06800614,Circular 1,0,,068_A,17:06:00,18:04:01
68,LA,LA06800615,Circular 1,1,,068_B,18:04:00,18:49:58
68,LA,LA06800616,Circular 1,0,,068_A,18:50:00,19:50:59
68,LA,LA06800617,Circular 1,1,,068_B,19:51:00,20:32:02
68,LA,LA06800618,Circular 1,0,,068_A,20:32:00,21:24:00
68,LA,LA06800619,Circular 1,1,,068_B,21:24:00,22:00:02
68,LA,LA06800620,Circular 1,0,,068_A,22:00:00,22:47:59
68,LA,LA06800621,Circular 1,1,,068_B,22:48:00,23:17:01
68,LA,LA0680071,Circular 1,0,,068_A,06:10:00,06:51:59
68,LA,LA0680072,Circular 1,1,,068_B,06:52:00,07:35:00
68,LA,LA0680073,Circular 1,0,,068_A,07:35:00,08:29:00
68,LA,LA0680074,Circular 1,1,,068_B,08:29:00,09:22:00
68,LA,LA0680075,Circular 1,0,,068_A,09:22:00,10:18:02
68,LA,LA0680076,Circular 1,1,,068_B,10:18:00,11:05:57
68,LA,LA0680077,Circular 1,0,,068_A,11:06:00,12:04:01
68,LA,LA0680078,Circular 1,1,,068_B,12:04:00,12:51:57
68,LA,LA0680079,Circular 1,0,,068_A,12:52:00,13:50:01
68,LA,LA06800710,Circular 1,1,,068_B,13:50:00,14:34:02
68,LA,LA06800711,Circular 1,0,,068_A,14:34:00,15:29:01
68,LA,LA06800712,Circular 1,1,,068_B,15:29:00,16:11:00
68,LA,LA06800713,Circular 1,0,,068_A,16:11:00,17:09:01
68,LA,LA06800714,Circular 1,1,,068_B,17:09:00,17:53:02
68,LA,LA06800715,Circular 1,0,,068_A,17:53:00,18:52:58
68,LA,LA06800716,Circular 1,1,,068_B,18:53:00,19:38:58
68,LA,LA06800717,Circular 1,0,,068_A,19:39:00,20:38:58
68,LA,LA06800718,Circular 1,1,,068_B,20:39:00,21:18:00
68,LA,LA06800719,Circular 1,0,,068_A,21:18:00,22:05:59
68,LA,LA06800720,Circular 1,1,,068_B,22:06:00,22:37:59
68,LA,LA0680081,Circular 1,0,,068_A,06:17:00,06:57:00
68,LA,LA0680082,Circular 1,1,,068_B,06:57:00,07:39:00
68,LA,LA0680083,Circular 1,0,,068_A,07:39:00,08:33:00
68,LA,LA0680084,Circular 1,1,,068_B,08:33:00,09:22:58
68,LA,LA0680085,Circular 1,0,,068_A,16:50:00,17:48:01
68,LA,LA0680086,Circular 1,1,,068_B,17:48:00,18:33:00
68,LA,LA0680087,Circular 1,0,,068_A,18:33:00,19:36:00
68,LA,LA0680088,Circular 1,1,,068_B,19:36:00,20:20:02
68,LA,LA0680089,Circular 1,0,,068_A,20:20:00,21:12:00
68,LA,LA06800810,Circular 1,1,,068_B,21:12:00,21:51:00
68,LA,LA06800811,Circular 1,0,,068_A,21:51:00,22:38:59
68,LA,LA06800812,Circular 1,1,,068_B,22:39:00,23:09:00
68,LA,LA0680091,Circular 1,1,,068_B,06:31:00,07:07:02
68,LA,LA0680092,Circular 1,0,,068_A,07:07:00,07:58:03
68,LA,LA0680093,Circular 1,1,,068_B,07:58:00,08:47:58
68,LA,LA0680094,Circular 1,0,,068_A,08:48:00,09:44:02
68,LA,LA0680095,Circular 1,1,,068_B,09:44:00,10:33:00
68,LA,LA0680096,Circular 1,0,,068_A,12:13:00,13:11:01
68,LA,LA0680097,Circular 1,1,,068_B,13:11:00,13:55:02
68,LA,LA0680098,Circular 1,0,,068_A,13:55:00,14:51:02
68,LA,LA0680099,Circular 1,1,,068_B,14:51:00,15:34:00
68,LA,LA06800910,Circular 1,0,,068_A,15:34:00,16:32:01
68,LA,LA06800911,Circular 1,1,,068_B,16:32:00,17:15:00
68,LA,LA06800912,Circular 1,0,,068_A,17:15:00,18:13:01
68,LA,LA06800913,Circular 1,1,,068_B,18:13:00,18:58:58
68,LA,LA06800914,Circular 1,0,,068_A,18:59:00,19:57:01
68,LA,LA0680101,Circular 1,0,,068_A,06:24:00,07:06:59
68,LA,LA0680102,Circular 1,1,,068_B,07:07:00,07:51:02
68,LA,LA0680103,Circular 1,0,,068_A,07:51:00,08:47:02
68,LA,LA0680104,Circular 1,1,,068_B,08:47:00,09:38:00
68,LA,LA0680105,Circular 1,0,,068_A,09:38:00,10:34:02
68,LA,LA0680106,Circular 1,1,,068_B,10:34:00,11:21:57
68,LA,LA0680107,Circular 1,0,,068_A,11:22:00,12:24:01
68,LA,LA0680108,Circular 1,1,,068_B,12:24:00,13:11:01
68,LA,LA0680109,Circular 1,0,,068_A,13:11:00,14:09:01
68,LA,LA06801010,Circular 1,1,,068_B,14:09:00,14:53:02
68,LA,LA06801011,Circular 1,0,,068_A,14:53:00,15:47:00
68,LA,LA06801012,Circular 1,1,,068_B,15:47:00,16:30:00
68,LA,LA06801013,Circular 1,0,,068_A,16:30:00,17:28:01
68,LA,LA06801014,Circular 1,1,,068_B,17:28:00,18:13:00
68,LA,LA06801015,Circular 1,0,,068_A,18:13:00,19:12:58
68,LA,LA06801016,Circular 1,1,,068_B,19:13:00,19:57:02
68,LA,LA0680111,Circular 1,0,,068_A,06:30:00,07:14:59
68,LA,LA0680112,Circular 1,1,,068_B,07:15:00,07:59:02
68,LA,LA0680113,Circular 1,0,,068_A,07:59:00,08:57:01
68,LA,LA0680114,Circular 1,1,,068_B,08:57:00,09:50:00
68,LA,LA0680115,Circular 1,0,,068_A,09:50:00,10:46:02
68,LA,LA0680116,Circular 1,1,,068_B,10:46:00,11:33:57
68,LA,LA0680117,Circular 1,0,,068_A,11:34:00,12:33:58
68,LA,LA0680118,Circular 1,1,,068_B,12:34:00,13:19:58
68,LA,LA0680119,Circular 1,0,,068_A,13:20:00,14:18:01
68,LA,LA06801110,Circular 1,1,,068_B,14:18:00,15:02:02
68,LA,LA06801111,Circular 1,0,,068_A,15:02:00,15:56:00
68,LA,LA06801112,Circular 1,1,,068_B,15:56:00,16:38:00
68,LA,LA06801113,Circular 1,0,,068_A,16:38:00,17:36:01
68,LA,LA06801114,Circular 1,1,,068_B,17:36:00,18:21:00
68,LA,LA06801115,Circular 1,0,,068_A,18:21:00,19:20:58
68,LA,LA06801116,Circular 1,1,,068_B,19:21:00,20:08:01
68,LA,LA06801117,Circular 1,0,,068_A,20:08:00,21:04:59
68,LA,LA06801118,Circular 1,1,,068_B,21:05:00,21:41:59
68,LA,LA06801119,Circular 1,0,,068_A,21:42:00,22:29:59
68,LA,LA06801120,Circular 1,1,,068_B,22:30:00,23:01:59
68,LA,LA0680121,Circular 1,1,,068_B,06:47:00,07:31:02
68,LA,LA0680122,Circular 1,0,,068_A,07:31:00,08:24:00
68,LA,LA0680123,Circular 1,1,,068_B,08:24:00,09:17:00
68,LA,LA0680124,Circular 1,0,,068_A,09:17:00,10:13:02
68,LA,LA0680125,Circular 1,1,,068_B,10:13:00,11:00:57
68,LA,LA0680126,Circular 1,0,,068_A,11:01:00,11:59:01
68,LA,LA0680127,Circular 1,1,,068_B,11:59:00,12:46:57
68,LA,LA0680128,Circular 1,0,,068_A,12:47:00,13:45:01
68,LA,LA0680129,Circular 1,1,,068_B,13:45:00,14:29:02
68,LA,LA06801210,Circular 1,0,,068_A,14:29:00,15:24:01
68,LA,LA06801211,Circular 1,1,,068_B,15:24:00,16:06:00
68,LA,LA06801212,Circular 1,0,,068_A,16:06:00,17:04:01
68,LA,LA06801213,Circular 1,1,,068_B,17:04:00,17:48:02
68,LA,LA06801214,Circular 1,0,,068_A,17:48:00,18:47:58
68,LA,LA06801215,Circular 1,1,,068_B,18:48:00,19:33:58
68,LA,LA06801216,Circular 1,0,,068_A,19:34:00,20:32:59
68,LA,LA06801217,Circular 1,1,,068_B,20:33:00,21:12:00
68,LA,LA0680131,Circular 1,0,,068_A,06:41:00,07:26:59
68,LA,LA0680132,Circular 1,1,,068_B,07:27:00,08:12:00
68,LA,LA0680133,Circular 1,0,,068_A,08:12:00,09:08:02
68,LA,LA0680134,Circular 1,0,,068_A,13:33:00,14:29:59
68,LA,LA0680135,Circular 1,1,,068_B,14:30:00,15:14:02
68,LA,LA0680136,Circular 1,0,,068_A,15:14:00,16:09:01
68,LA,LA0680137,Circular 1,1,,068_B,16:09:00,16:54:00
68,LA,LA0680138,Circular 1,0,,068_A,16:54:00,17:52:01
68,LA,LA0680139,Circular 1,1,,068_B,17:52:00,18:37:00
68,LA,LA06801310,Circular 1,0,,068_A,18:37:00,19:35:59
68,LA,LA0680141,Circular 1,0,,068_A,06:51:00,07:39:58
68,LA,LA0680142,Circular 1,1,,068_B,07:40:00,08:27:57
68,LA,LA0680143,Circular 1,0,,068_A,08:28:00,09:24:59
68,LA,LA0680144,Circular 1,1,,068_B,09:25:00,10:14:00
68,LA,LA0680151,Circular 1,1,,068_B,07:02:00,07:47:00
68,LA,LA0680152,Circular 1,0,,068_A,07:47:00,08:42:01
68,LA,LA0680153,Circular 1,1,,068_B,08:42:00,09:31:58
68,LA,LA0680154,Circular 1,0,,068_A,09:32:00,10:28:02
68,LA,LA0680155,Circular 1,1,,068_B,10:28:00,11:15:57
68,LA,LA0680156,Circular 1,0,,068_A,11:16:00,12:14:01
68,LA,LA0680157,Circular 1,1,,068_B,12:14:00,13:01:01
68,LA,LA0680158,Circular 1,0,,068_A,13:01:00,13:59:01
68,LA,LA0680159,Circular 1,1,,068_B,13:59:00,14:43:02
68,LA,LA06801510,Circular 1,0,,068_A,14:43:00,15:38:01
68,LA,LA06801511,Circular 1,1,,068_B,15:38:00,16:20:00
68,LA,LA06801512,Circular 1,0,,068_A,16:20:00,17:18:01
68,LA,LA06801513,Circular 1,1,,068_B,17:18:00,18:03:00
68,LA,LA06801514,Circular 1,0,,068_A,18:03:00,19:02:58
68,LA,LA06801515,Circular 1,1,,068_B,19:03:00,19:50:01
68,LA,LA06801516,Circular 1,0,,068_A,19:50:00,20:45:01
68,LA,LA06801517,Circular 1,1,,068_B,20:45:00,21:26:02
68,LA,LA06801518,Circular 1,0,,068_A,21:26:00,22:13:59
68,LA,LA06801519,Circular 1,1,,068_B,22:14:00,22:48:59
68,LA,LA06801520,Circular 1,0,,068_A,22:49:00,23:30:00
68,LA,LA06801521,Circular 1,1,,068_B,23:30:00,23:56:59
68,LA,LA0680161,Circular 1,1,,068_B,07:11:00,07:55:02
68,LA,LA0680162,Circular 1,0,,068_A,07:55:00,08:51:59
68,LA,LA0680163,Circular 1,1,,068_B,08:52:00,09:44:02
68,LA,LA0680164,Circular 1,0,,068_A,09:44:00,10:40:02
68,LA,LA0680165,Circular 1,1,,068_B,10:40:00,11:27:57
68,LA,LA0680166,Circular 1,0,,068_A,11:28:00,12:28:59
68,LA,LA0680167,Circular 1,1,,068_B,12:29:00,13:16:01
68,LA,LA0680168,Circular 1,0,,068_A,13:16:00,14:14:01
68,LA,LA0680169,Circular 1,1,,068_B,14:14:00,14:58:02
68,LA,LA06801610,Circular 1,0,,068_A,14:58:00,15:52:00
68,LA,LA06801611,Circular 1,1,,068_B,15:52:00,16:34:00
68,LA,LA06801612,Circular 1,0,,068_A,16:34:00,17:32:01
68,LA,LA06801613,Circular 1,1,,068_B,17:32:00,18:17:00
68,LA,LA06801614,Circular 1,0,,068_A,18:17:00,19:16:58
68,LA,LA06801615,Circular 1,1,,068_B,19:17:00,20:02:00
68,LA,LA06801616,Circular 1,0,,068_A,20:02:00,20:58:02
68,LA,LA06801617,Circular 1,1,,068_B,20:58:00,21:34:02
68,LA,LA06801618,Circular 1,0,,068_A,21:34:00,22:21:59
68,LA,LA06801619,Circular 1,1,,068_B,22:22:00,23:00:04
68,LA,LA06801620,Circular 1,0,,068_A,23:00:00,23:36:02
68,LA,LA0680171,Circular 1,0,,068_A,07:03:00,07:54:03
68,LA,LA0680172,Circular 1,1,,068_B,07:54:00,08:43:00
68,LA,LA0680173,Circular 1,0,,068_A,08:43:00,09:39:02
68,LA,LA0680174,Circular 1,1,,068_B,09:39:00,10:30:00
68,LA,LA0680175,Circular 1,0,,068_A,10:30:00,11:26:59
68,LA,LA0680176,Circular 1,1,,068_B,11:27:00,12:16:58
68,LA,LA0680177,Circular 1,0,,068_A,12:17:00,13:15:01
68,LA,LA0680178,Circular 1,1,,068_B,13:15:00,13:59:02
68,LA,LA0680179,Circular 1,0,,068_A,13:59:00,14:55:59
68,LA,LA06801710,Circular 1,1,,068_B,14:56:00,15:38:00
68,LA,LA06801711,Circular 1,0,,068_A,15:38:00,16:36:59
68,LA,LA06801712,Circular 1,1,,068_B,16:37:00,17:19:00
68,LA,LA06801713,Circular 1,0,,068_A,17:19:00,18:17:59
68,LA,LA06801714,Circular 1,1,,068_B,18:18:00,19:03:58
68,LA,LA06801715,Circular 1,0,,068_A,19:04:00,20:02:59
68,LA,LA06801716,Circular 1,1,,068_B,20:03:00,20:44:02
68,LA,LA06801717,Circular 1,0,,068_A,20:44:00,21:38:00
68,LA,LA06801718,Circular 1,1,,068_B,21:38:00,22:17:58
68,LA,LA06801719,Circular 1,0,,068_A,22:18:00,23:08:01
68,LA,LA06801720,Circular 1,1,,068_B,23:08:00,23:34:59
68,LA,LA0680181,Circular 1,1,,068_B,07:19:00,08:03:02
68,LA,LA0680182,Circular 1,0,,068_A,08:03:00,09:01:59
68,LA,LA0680183,Circular 1,1,,068_B,09:02:00,09:56:01
68,LA,LA0680184,Circular 1,0,,068_A,09:56:00,10:52:02
68,LA,LA0680185,Circular 1,1,,068_B,10:52:00,11:39:57
68,LA,LA0680186,Circular 1,0,,068_A,11:40:00,12:38:59
68,LA,LA0680187,Circular 1,1,,068_B,12:39:00,13:24:58
68,LA,LA0680188,Circular 1,0,,068_A,13:25:00,14:21:59
68,LA,LA0680189,Circular 1,1,,068_B,14:22:00,15:06:02
68,LA,LA06801810,Circular 1,0,,068_A,15:06:00,16:00:00
68,LA,LA06801811,Circular 1,1,,068_B,16:00:00,16:42:00
68,LA,LA06801812,Circular 1,0,,068_A,16:42:00,17:40:01
68,LA,LA06801813,Circular 1,1,,068_B,17:40:00,18:25:00
68,LA,LA06801814,Circular 1,0,,068_A,18:25:00,19:25:59
68,LA,LA06801815,Circular 1,1,,068_B,19:26:00,20:09:00
68,LA,LA0680191,Circular 1,0,,068_A,07:11:00,08:02:03
68,LA,LA0680192,Circular 1,1,,068_B,08:02:00,08:51:58
68,LA,LA0680193,Circular 1,0,,068_A,08:52:00,09:48:02
68,LA,LA0680194,Circular 1,1,,068_B,09:48:00,10:35:57
68,LA,LA0680195,Circular 1,0,,068_A,10:36:00,11:32:59
68,LA,LA0680196,Circular 1,1,,068_B,11:33:00,12:22:00
68,LA,LA0680197,Circular 1,0,,068_A,12:22:00,13:20:01
68,LA,LA0680198,Circular 1,1,,068_B,13:20:00,14:04:02
68,LA,LA0680199,Circular 1,0,,068_A,14:04:00,15:00:02
68,LA,LA06801910,Circular 1,1,,068_B,15:00:00,15:42:00
68,LA,LA06801911,Circular 1,0,,068_A,15:42:00,16:40:59
68,LA,LA06801912,Circular 1,1,,068_B,16:41:00,17:24:00
68,LA,LA06801913,Circular 1,0,,068_A,17:24:00,18:22:59
68,LA,LA06801914,Circular 1,1,,068_B,18:23:00,19:08:58
68,LA,LA06801915,Circular 1,0,,068_A,19:09:00,20:08:58
68,LA,LA06801916,Circular 1,1,,068_B,20:09:00,20:50:02
68,LA,LA06801917,Circular 1,0,,068_A,20:50:00,21:45:01
68,LA,LA06801918,Circular 1,1,,068_B,21:45:00,22:28:00
68,LA,LA06801919,Circular 1,0,,068_A,22:28:00,23:10:59
68,LA,LA0680201,Circular 1,0,,068_A,07:19:00,08:11:00
68,LA,LA0680202,Circular 1,1,,068_B,08:11:00,09:02:00
68,LA,LA0680203,Circular 1,0,,068_A,09:02:00,09:58:02
68,LA,LA0680204,Circular 1,1,,068_B,09:58:00,10:45:57
68,LA,LA0680205,Circular 1,0,,068_A,10:46:00,11:44:01
68,LA,LA0680206,Circular 1,1,,068_B,11:44:00,12:31:57
68,LA,LA0680207,Circular 1,0,,068_A,12:32:00,13:30:01
68,LA,LA0680208,Circular 1,1,,068_B,13:30:00,14:14:02
68,LA,LA0680209,Circular 1,0,,068_A,14:14:00,15:10:02
68,LA,LA06802010,Circular 1,1,,068_B,15:10:00,15:52:00
68,LA,LA06802011,Circular 1,0,,068_A,15:52:00,16:48:59
68,LA,LA06802012,Circular 1,1,,068_B,16:49:00,17:33:02
68,LA,LA06802013,Circular 1,0,,068_A,17:33:00,18:32:58
68,LA,LA06802014,Circular 1,1,,068_B,18:33:00,19:18:58
68,LA,LA06802015,Circular 1,0,,068_A,19:19:00,20:15:59
68,LA,LA0680211,Circular 1,1,,068_B,07:36:00,08:23:57
68,LA,LA0680212,Circular 1,0,,068_A,08:24:00,09:20:02
68,LA,LA0680213,Circular 1,1,,068_B,09:20:00,10:12:02
68,LA,LA0680214,Circular 1,0,,068_A,10:12:00,11:08:59
68,LA,LA0680215,Circular 1,1,,068_B,11:09:00,11:58:00
68,LA,LA0680216,Circular 1,0,,068_A,11:58:00,12:56:01
68,LA,LA0680217,Circular 1,1,,068_B,12:56:00,13:41:00
68,LA,LA0680218,Circular 1,0,,068_A,13:41:00,14:37:59
68,LA,LA0680219,Circular 1,1,,068_B,14:38:00,15:22:02
68,LA,LA06802110,Circular 1,0,,068_A,15:22:00,16:17:01
68,LA,LA06802111,Circular 1,1,,068_B,16:17:00,17:02:00
68,LA,LA06802112,Circular 1,0,,068_A,17:02:00,18:00:01
68,LA,LA06802113,Circular 1,1,,068_B,18:00:00,18:45:58
68,LA,LA06802114,Circular 1,0,,068_A,18:46:00,19:45:58
68,LA,LA06802115,Circular 1,1,,068_B,19:46:00,20:27:02
68,LA,LA0680221,Circular 1,0,,068_A,07:27:00,08:20:00
68,LA,LA0680222,Circular 1,1,,068_B,08:20:00,09:12:02
68,LA,LA0680223,Circular 1,0,,068_A,09:12:00,10:08:02
68,LA,LA0680224,Circular 1,1,,068_B,10:08:00,10:55:57
68,LA,LA0680225,Circular 1,0,,068_A,10:56:00,11:54:01
68,LA,LA0680226,Circular 1,1,,068_B,11:54:00,12:41:57
68,LA,LA0680227,Circular 1,0,,068_A,12:42:00,13:40:01
68,LA,LA0680228,Circular 1,1,,068_B,13:40:00,14:24:02
68,LA,LA0680229,Circular 1,0,,068_A,14:24:00,15:19:01
68,LA,LA06802210,Circular 1,1,,068_B,15:19:00,16:01:00
68,LA,LA06802211,Circular 1,0,,068_A,16:01:00,16:59:01
68,LA,LA06802212,Circular 1,1,,068_B,16:59:00,17:43:02
68,LA,LA06802213,Circular 1,0,,068_A,17:43:00,18:42:58
68,LA,LA06802214,Circular 1,1,,068_B,18:43:00,19:28:58
68,LA,LA06802215,Circular 1,0,,068_A,19:29:00,20:27:01
68,LA,LA06802216,Circular 1,1,,068_B,20:27:00,21:10:00
68,LA,LA06802217,Circular 1,0,,068_A,21:10:00,21:58:58
68,LA,LA06802218,Circular 1,1,,068_B,21:59:00,22:38:00
68,LA,LA06802219,Circular 1,0,,068_A,22:38:00,23:19:00
68,LA,LA06802220,Circular 1,1,,068_B,23:19:00,23:45:59
68,LA,LA0680231,Circular 1,0,,068_A,07:43:00,08:37:00
68,LA,LA0680232,Circular 1,1,,068_B,08:37:00,09:26:58
68,LA,LA0680233,Circular 1,0,,068_A,09:27:00,10:23:02
68,LA,LA0680234,Circular 1,1,,068_B,10:23:00,11:10:57
68,LA,LA0680235,Circular 1,0,,068_A,11:11:00,12:09:01
68,LA,LA0680236,Circular 1,1,,068_B,12:09:00,12:56:01
68,LA,LA0680237,Circular 1,0,,068_A,12:56:00,13:54:01
68,LA,LA0680238,Circular 1,1,,068_B,13:54:00,14:38:02
68,LA,LA0680239,Circular 1,0,,068_A,14:38:00,15:33:01
68,LA,LA06802310,Circular 1,1,,068_B,15:33:00,16:15:00
68,LA,LA06802311,Circular 1,0,,068_A,16:15:00,17:13:01
68,LA,LA06802312,Circular 1,1,,068_B,17:13:00,17:58:00
68,LA,LA06802313,Circular 1,0,,068_A,17:58:00,18:57:58
68,LA,LA06802314,Circular 1,1,,068_B,18:58:00,19:43:58
68,LA,LA06802315,Circular 1,0,,068_A,19:44:00,20:39:01
68,LA,LA0680241,Circular 1,0,,068_A,08:16:00,09:12:02
68,LA,LA0680242,Circular 1,1,,068_B,09:12:00,10:01:58
68,LA,LA0680243,Circular 1,0,,068_A,10:02:00,10:58:02
68,LA,LA0680244,Circular 1,1,,068_B,10:58:00,11:45:57
68,LA,LA0680245,Circular 1,0,,068_A,11:46:00,12:44:01
68,LA,LA0680246,Circular 1,1,,068_B,12:44:00,13:29:00
68,LA,LA0680247,Circular 1,0,,068_A,13:29:00,14:25:59
68,LA,LA0680248,Circular 1,1,,068_B,14:26:00,15:10:02
68,LA,LA0680249,Circular 1,0,,068_A,15:10:00,16:04:00
68,LA,LA06802410,Circular 1,1,,068_B,16:04:00,16:46:00
68,LA,LA06802411,Circular 1,0,,068_A,16:46:00,17:44:01
68,LA,LA06802412,Circular 1,1,,068_B,17:44:00,18:29:00
68,LA,LA06802413,Circular 1,0,,068_A,18:29:00,19:31:01
68,LA,LA06802414,Circular 1,1,,068_B,19:31:00,20:14:00
68,LA,LA06802415,Circular 1,0,,068_A,20:14:00,21:07:00
68,SA,SA0680011,Circular 1,0,,068_A,05:25:00,06:00:00
68,SA,SA0680012,Circular 1,1,,068_B,06:00:00,06:34:01
68,SA,SA0680013,Circular 1,0,,068_A,06:34:00,07:13:03
68,SA,SA0680014,Circular 1,1,,068_B,07:13:00,07:47:59
68,SA,SA0680015,Circular 1,0,,068_A,07:48:00,08:29:00
68,SA,SA0680016,Circular 1,1,,068_B,08:29:00,09:03:59
68,SA,SA0680017,Circular 1,0,,068_A,09:04:00,09:51:59
68,SA,SA0680018,Circular 1,1,,068_B,09:52:00,10:28:59
68,SA,SA0680019,Circular 1,0,,068_A,10:29:00,11:21:00
68,SA,SA06800110,Circular 1,1,,068_B,11:21:00,12:00:58
68,SA,SA06800111,Circular 1,0,,068_A,12:01:00,12:57:02
68,SA,SA06800112,Circular 1,1,,068_B,12:57:00,13:39:00
68,SA,SA06800113,Circular 1,0,,068_A,13:39:00,14:31:00
68,SA,SA06800114,Circular 1,1,,068_B,14:31:00,15:16:58
68,SA,SA06800115,Circular 1,0,,068_A,15:17:00,16:08:03
68,SA,SA06800116,Circular 1,1,,068_B,16:08:00,16:47:58
68,SA,SA06800117,Circular 1,0,,068_A,16:48:00,17:42:00
68,SA,SA06800118,Circular 1,1,,068_B,17:42:00,18:26:02
68,SA,SA06800119,Circular 1,0,,068_A,18:26:00,19:22:02
68,SA,SA06800120,Circular 1,1,,068_B,19:22:00,20:06:02
68,SA,SA06800121,Circular 1,0,,068_A,20:06:00,21:01:01
68,SA,SA06800122,Circular 1,1,,068_B,21:01:00,21:42:02
68,SA,SA06800123,Circular 1,0,,068_A,21:42:00,22:32:01
68,SA,SA06800124,Circular 1,1,,068_B,22:32:00,23:06:01
68,SA,SA0680021,Circular 1,0,,068_A,05:40:00,06:15:00
68,SA,SA0680022,Circular 1,1,,068_B,06:15:00,06:46:59
68,SA,SA0680023,Circular 1,0,,068_A,06:47:00,07:27:00
68,SA,SA0680024,Circular 1,1,,068_B,07:27:00,07:58:59
68,SA,SA0680025,Circular 1,0,,068_A,07:59:00,08:40:59
68,SA,SA0680026,Circular 1,1,,068_B,08:41:00,09:20:00
68,SA,SA0680027,Circular 1,0,,068_A,09:20:00,10:10:01
68,SA,SA0680028,Circular 1,1,,068_B,10:10:00,10:49:58
68,SA,SA0680029,Circular 1,0,,068_A,10:50:00,11:44:00
68,SA,SA06800210,Circular 1,1,,068_B,11:44:00,12:25:02
68,SA,SA06800211,Circular 1,0,,068_A,12:25:00,13:21:02
68,SA,SA06800212,Circular 1,1,,068_B,13:21:00,14:04:00
68,SA,SA06800213,Circular 1,0,,068_A,14:04:00,14:55:03
68,SA,SA06800214,Circular 1,1,,068_B,14:55:00,15:33:04
68,SA,SA06800215,Circular 1,0,,068_A,15:33:00,16:25:00
68,SA,SA06800216,Circular 1,1,,068_B,16:25:00,17:10:00
68,SA,SA06800217,Circular 1,0,,068_A,17:10:00,18:05:01
68,SA,SA06800218,Circular 1,1,,068_B,18:05:00,18:49:02
68,SA,SA06800219,Circular 1,0,,068_A,18:49:00,19:47:01
68,SA,SA06800220,Circular 1,1,,068_B,19:47:00,20:30:00
68,SA,SA06800221,Circular 1,0,,068_A,20:30:00,21:26:59
68,SA,SA06800222,Circular 1,1,,068_B,21:27:00,22:12:58
68,SA,SA06800223,Circular 1,0,,068_A,22:13:00,22:57:02
68,SA,SA0680031,Circular 1,0,,068_A,05:54:00,06:30:02
68,SA,SA0680032,Circular 1,1,,068_B,06:30:00,07:00:00
68,SA,SA0680033,Circular 1,0,,068_A,07:00:00,07:40:00
68,SA,SA0680034,Circular 1,1,,068_B,07:40:00,08:19:00
68,SA,SA0680035,Circular 1,0,,068_A,08:19:00,09:03:02
68,SA,SA0680036,Circular 1,1,,068_B,09:03:00,09:44:02
68,SA,SA0680037,Circular 1,0,,068_A,09:44:00,10:34:01
68,SA,SA0680038,Circular 1,1,,068_B,10:34:00,11:13:00
68,SA,SA0680039,Circular 1,0,,068_A,11:13:00,12:08:01
68,SA,SA06800310,Circular 1,1,,068_B,12:08:00,12:50:00
68,SA,SA06800311,Circular 1,0,,068_A,12:50:00,13:45:01
68,SA,SA06800312,Circular 1,1,,068_B,13:45:00,14:28:00
68,SA,SA06800313,Circular 1,0,,068_A,14:28:00,15:19:03
68,SA,SA06800314,Circular 1,1,,068_B,15:19:00,15:57:04
68,SA,SA06800315,Circular 1,0,,068_A,15:57:00,16:49:00
68,SA,SA06800316,Circular 1,1,,068_B,16:49:00,17:31:00
68,SA,SA06800317,Circular 1,0,,068_A,17:31:00,18:26:01
68,SA,SA06800318,Circular 1,1,,068_B,18:26:00,19:10:02
68,SA,SA06800319,Circular 1,0,,068_A,19:10:00,20:10:59
68,SA,SA06800320,Circular 1,1,,068_B,20:11:00,20:55:02
68,SA,SA06800321,Circular 1,0,,068_A,20:55:00,21:45:01
68,SA,SA06800322,Circular 1,1,,068_B,21:45:00,22:24:00
68,SA,SA06800323,Circular 1,0,,068_A,22:24:00,23:05:59
68,SA,SA06800324,Circular 1,1,,068_B,23:06:00,23:39:00
68,SA,SA0680041,Circular 1,0,,068_A,06:08:00,06:44:57
68,SA,SA0680042,Circular 1,1,,068_B,06:45:00,07:24:00
68,SA,SA0680043,Circular 1,0,,068_A,07:24:00,08:05:00
68,SA,SA0680044,Circular 1,1,,068_B,08:05:00,08:39:01
68,SA,SA0680045,Circular 1,0,,068_A,08:39:00,09:23:59
68,SA,SA0680046,Circular 1,1,,068_B,09:24:00,10:00:02
68,SA,SA0680047,Circular 1,0,,068_A,10:00:00,10:50:01
68,SA,SA0680048,Circular 1,1,,068_B,10:50:00,11:29:00
68,SA,SA0680049,Circular 1,0,,068_A,11:29:00,12:24:01
68,SA,SA06800410,Circular 1,1,,068_B,12:24:00,13:06:00
68,SA,SA06800411,Circular 1,0,,068_A,13:06:00,14:01:01
68,SA,SA06800412,Circular 1,1,,068_B,14:01:00,14:44:00
68,SA,SA06800413,Circular 1,0,,068_A,14:44:00,15:35:03
68,SA,SA06800414,Circular 1,1,,068_B,15:35:00,16:14:00
68,SA,SA06800415,Circular 1,0,,068_A,16:14:00,17:07:00
68,SA,SA06800416,Circular 1,1,,068_B,17:07:00,17:54:01
68,SA,SA06800417,Circular 1,0,,068_A,17:54:00,18:50:02
68,SA,SA06800418,Circular 1,1,,068_B,18:50:00,19:34:02
68,SA,SA06800419,Circular 1,0,,068_A,19:34:00,20:29:01
68,SA,SA06800420,Circular 1,1,,068_B,20:29:00,21:13:02
68,SA,SA06800421,Circular 1,0,,068_A,21:13:00,22:03:01
68,SA,SA06800422,Circular 1,1,,068_B,22:03:00,22:48:00
68,SA,SA06800423,Circular 1,0,,068_A,22:48:00,23:29:59
68,SA,SA06800424,Circular 1,1,,068_B,23:30:00,24:01:59
68,SA,SA0680051,Circular 1,0,,068_A,06:21:00,06:58:59
68,SA,SA0680052,Circular 1,1,,068_B,06:59:00,07:35:59
68,SA,SA0680053,Circular 1,0,,068_A,07:36:00,08:17:00
68,SA,SA0680054,Circular 1,1,,068_B,08:17:00,08:56:00
68,SA,SA0680055,Circular 1,0,,068_A,08:56:00,09:43:02
68,SA,SA0680056,Circular 1,1,,068_B,09:43:00,10:22:00
68,SA,SA0680057,Circular 1,0,,068_A,10:22:00,11:13:03
68,SA,SA0680058,Circular 1,1,,068_B,11:13:00,11:52:58
68,SA,SA0680059,Circular 1,0,,068_A,11:53:00,12:49:02
68,SA,SA06800510,Circular 1,1,,068_B,12:49:00,13:31:00
68,SA,SA06800511,Circular 1,0,,068_A,13:31:00,14:23:00
68,SA,SA06800512,Circular 1,1,,068_B,14:23:00,15:08:58
68,SA,SA06800513,Circular 1,0,,068_A,15:09:00,16:00:03
68,SA,SA06800514,Circular 1,1,,068_B,16:00:00,16:39:58
68,SA,SA06800515,Circular 1,0,,068_A,16:40:00,17:34:00
68,SA,SA06800516,Circular 1,1,,068_B,17:34:00,18:18:02
68,SA,SA06800517,Circular 1,0,,068_A,18:18:00,19:14:02
68,SA,SA06800518,Circular 1,1,,068_B,19:14:00,19:58:02
68,SA,SA06800519,Circular 1,0,,068_A,19:58:00,20:53:01
68,SA,SA06800520,Circular 1,1,,068_B,20:53:00,21:32:00
68,SA,SA06800521,Circular 1,0,,068_A,21:32:00,22:22:01
68,SA,SA06800522,Circular 1,1,,068_B,22:22:00,23:00:04
68,SA,SA06800523,Circular 1,0,,068_A,23:00:00,23:37:59
68,SA,SA0680061,Circular 1,0,,068_A,07:12:00,07:53:00
68,SA,SA0680062,Circular 1,1,,068_B,07:53:00,08:29:02
68,SA,SA0680063,Circular 1,0,,068_A,08:29:00,09:13:59
68,SA,SA0680064,Circular 1,1,,068_B,09:14:00,09:52:04
68,SA,SA0680065,Circular 1,0,,068_A,09:52:00,10:42:01
68,SA,SA0680066,Circular 1,1,,068_B,10:42:00,11:21:00
68,SA,SA0680067,Circular 1,0,,068_A,11:21:00,12:16:01
68,SA,SA0680068,Circular 1,1,,068_B,12:16:00,12:58:00
68,SA,SA0680069,Circular 1,0,,068_A,12:58:00,13:53:01
68,SA,SA06800610,Circular 1,1,,068_B,13:53:00,14:36:00
68,SA,SA06800611,Circular 1,0,,068_A,14:36:00,15:27:03
68,SA,SA06800612,Circular 1,1,,068_B,15:27:00,16:05:04
68,SA,SA06800613,Circular 1,0,,068_A,16:05:00,16:58:00
68,SA,SA06800614,Circular 1,1,,068_B,16:58:00,17:45:57
68,SA,SA06800615,Circular 1,0,,068_A,17:46:00,18:42:02
68,SA,SA06800616,Circular 1,1,,068_B,18:42:00,19:26:02
68,SA,SA06800617,Circular 1,0,,068_A,19:26:00,20:21:01
68,SA,SA0680071,Circular 1,0,,068_A,08:09:00,08:51:59
68,SA,SA0680072,Circular 1,1,,068_B,08:52:00,09:28:02
68,SA,SA0680073,Circular 1,0,,068_A,09:28:00,10:18:01
68,SA,SA0680074,Circular 1,1,,068_B,10:18:00,10:57:00
68,SA,SA0680075,Circular 1,0,,068_A,10:57:00,11:52:01
68,SA,SA0680076,Circular 1,1,,068_B,11:52:00,12:34:00
68,SA,SA0680077,Circular 1,0,,068_A,12:34:00,13:29:01
68,SA,SA0680078,Circular 1,1,,068_B,13:29:00,14:12:00
68,SA,SA0680079,Circular 1,0,,068_A,14:12:00,15:03:03
68,SA,SA06800710,Circular 1,1,,068_B,15:03:00,15:41:04
68,SA,SA06800711,Circular 1,0,,068_A,15:41:00,16:33:00
68,SA,SA06800712,Circular 1,1,,068_B,16:33:00,17:17:02
68,SA,SA06800713,Circular 1,0,,068_A,17:17:00,18:12:01
68,SA,SA06800714,Circular 1,1,,068_B,18:12:00,18:56:02
68,SA,SA06800715,Circular 1,0,,068_A,18:56:00,19:54:59
68,SA,SA06800716,Circular 1,1,,068_B,19:55:00,20:38:00
68,SA,SA06800717,Circular 1,0,,068_A,20:38:00,21:28:01
68,SA,SA0680081,Circular 1,0,,068_A,08:48:00,09:33:59
68,SA,SA0680082,Circular 1,1,,068_B,09:34:00,10:13:58
68,SA,SA0680083,Circular 1,0,,068_A,10:14:00,11:05:03
68,SA,SA0680084,Circular 1,1,,068_B,11:05:00,11:44:58
68,SA,SA0680085,Circular 1,0,,068_A,11:45:00,12:40:01
68,SA,SA0680086,Circular 1,1,,068_B,12:40:00,13:22:00
68,SA,SA0680087,Circular 1,0,,068_A,13:22:00,14:15:00
68,SA,SA0680088,Circular 1,1,,068_B,14:15:00,15:00:00
68,SA,SA0680089,Circular 1,0,,068_A,15:00:00,15:52:00
68,SA,SA06800810,Circular 1,1,,068_B,15:52:00,16:31:58
68,SA,SA06800811,Circular 1,0,,068_A,16:32:00,17:25:00
68,SA,SA06800812,Circular 1,1,,068_B,17:25:00,18:10:00
68,SA,SA06800813,Circular 1,0,,068_A,18:10:00,19:06:02
68,SA,SA06800814,Circular 1,1,,068_B,19:06:00,19:50:02
68,SA,SA06800815,Circular 1,0,,068_A,19:50:00,20:45:01
68,SA,SA06800816,Circular 1,1,,068_B,20:45:00,21:24:00
68,SA,SA0680091,Circular 1,0,,068_A,09:12:00,10:00:58
68,SA,SA0680092,Circular 1,1,,068_B,10:01:00,10:43:00
68,SA,SA0680093,Circular 1,0,,068_A,10:43:00,11:36:00
68,SA,SA0680094,Circular 1,1,,068_B,11:36:00,12:17:02
68,SA,SA0680095,Circular 1,0,,068_A,12:17:00,13:13:02
68,SA,SA0680096,Circular 1,1,,068_B,13:13:00,13:55:00
68,SA,SA0680097,Circular 1,0,,068_A,13:55:00,14:47:00
68,SA,SA0680098,Circular 1,1,,068_B,14:47:00,15:26:00
68,SA,SA0680099,Circular 1,0,,068_A,17:38:00,18:34:02
68,SA,SA06800910,Circular 1,1,,068_B,18:34:00,19:18:02
68,SA,SA06800911,Circular 1,0,,068_A,19:18:00,20:20:01
68,SA,SA06800912,Circular 1,1,,068_B,20:20:00,21:04:02
68,SA,SA06800913,Circular 1,0,,068_A,21:04:00,21:54:01
68,SA,SA06800914,Circular 1,1,,068_B,21:54:00,22:36:00
68,SA,SA06800915,Circular 1,0,,068_A,22:36:00,23:17:59
68,SA,SA06800916,Circular 1,1,,068_B,23:18:00,23:49:59
68,SA,SA0680101,Circular 1,0,,068_A,09:36:00,10:26:01
68,SA,SA0680102,Circular 1,1,,068_B,10:26:00,11:05:00
68,SA,SA0680103,Circular 1,0,,068_A,11:05:00,12:00:01
68,SA,SA0680104,Circular 1,1,,068_B,12:00:00,12:42:00
68,SA,SA0680105,Circular 1,0,,068_A,12:42:00,13:37:01
68,SA,SA0680106,Circular 1,1,,068_B,13:37:00,14:20:00
68,SA,SA0680107,Circular 1,0,,068_A,14:20:00,15:11:03
68,SA,SA0680108,Circular 1,1,,068_B,15:11:00,15:49:04
68,SA,SA0680109,Circular 1,0,,068_A,15:49:00,16:41:00
68,SA,SA06801010,Circular 1,1,,068_B,16:41:00,17:24:00
68,SA,SA06801011,Circular 1,0,,068_A,17:24:00,18:19:01
68,SA,SA06801012,Circular 1,1,,068_B,18:19:00,19:03:02
68,SA,SA06801013,Circular 1,0,,068_A,19:03:00,20:02:58
68,SA,SA06801014,Circular 1,1,,068_B,20:03:00,20:46:00
68,SA,SA06801015,Circular 1,0,,068_A,20:46:00,21:36:01
68,SA,SA06801016,Circular 1,1,,068_B,21:36:00,22:12:59
68,SA,SA0680111,Circular 1,0,,068_A,10:07:00,10:57:01
68,SA,SA0680112,Circular 1,1,,068_B,10:57:00,11:36:58
68,SA,SA0680113,Circular 1,0,,068_A,11:37:00,12:32:01
68,SA,SA0680114,Circular 1,1,,068_B,12:32:00,13:14:00
68,SA,SA0680115,Circular 1,0,,068_A,13:14:00,14:08:00
68,SA,SA0680116,Circular 1,1,,068_B,14:08:00,14:52:02
68,SA,SA0680117,Circular 1,0,,068_A,14:52:00,15:43:03
68,SA,SA0680118,Circular 1,1,,068_B,15:43:00,16:22:58
68,SA,SA0680119,Circular 1,0,,068_A,16:23:00,17:16:00
68,SA,SA06801110,Circular 1,1,,068_B,17:16:00,18:01:58
68,SA,SA06801111,Circular 1,0,,068_A,18:02:00,18:58:02
68,SA,SA06801112,Circular 1,1,,068_B,18:58:00,19:42:02
68,SA,SA06801113,Circular 1,0,,068_A,19:42:00,20:37:01
68,SA,SA06801114,Circular 1,1,,068_B,20:37:00,21:22:00
68,SA,SA06801115,Circular 1,0,,068_A,21:22:00,22:12:01
68,SA,SA06801116,Circular 1,1,,068_B,22:12:00,22:48:02
68,SA,SA0680121,Circular 1,0,,068_A,10:36:00,11:28:00
68,SA,SA0680122,Circular 1,1,,068_B,11:28:00,12:09:02
68,SA,SA0680123,Circular 1,0,,068_A,12:09:00,13:05:02
68,SA,SA0680124,Circular 1,1,,068_B,13:05:00,13:47:00
68,SA,SA0680125,Circular 1,0,,068_A,13:47:00,14:39:00
68,SA,SA0680126,Circular 1,1,,068_B,14:39:00,15:24:58
68,SA,SA0680127,Circular 1,0,,068_A,15:25:00,16:17:00
68,SA,SA0680128,Circular 1,1,,068_B,16:17:00,16:56:00
68,SA,SA0680129,Circular 1,0,,068_A,16:56:00,17:50:00
68,SA,SA06801210,Circular 1,1,,068_B,17:50:00,18:34:02
68,SA,SA06801211,Circular 1,0,,068_A,18:34:00,19:30:02
68,SA,SA06801212,Circular 1,1,,068_B,19:30:00,20:14:02
68,SA,SA06801213,Circular 1,0,,068_A,20:14:00,21:09:01
68,SA,SA06801214,Circular 1,1,,068_B,21:09:00,21:52:00
68,SA,SA06801215,Circular 1,0,,068_A,21:52:00,22:42:01
68,SA,SA06801216,Circular 1,1,,068_B,22:42:00,23:15:00
68,SA,SA0680131,Circular 1,0,,068_A,17:03:00,17:58:01
68,SA,SA0680132,Circular 1,1,,068_B,17:58:00,18:42:02
68,SA,SA0680133,Circular 1,0,,068_A,18:42:00,19:38:59
68,SA,SA0680134,Circular 1,1,,068_B,19:39:00,20:22:00
68,SA,SA0680135,Circular 1,0,,068_A,20:22:00,21:18:02
68,SA,SA0680136,Circular 1,1,,068_B,21:18:00,22:02:02
68,SA,SA0680137,Circular 1,0,,068_A,22:02:00,22:54:00
68,SA,SA0680138,Circular 1,1,,068_B,22:54:00,23:27:00
116,FE,FE1160011,Embajadores,1,,116_B,07:00:00,08:02:03
116,FE,FE1160012,Villaverde Cruce,0,,116_A,08:02:00,09:06:01
116,FE,FE1160013,Embajadores,1,,116_B,09:06:00,10:04:03
116,FE,FE1160014,Villaverde Cruce,0,,116_A,10:04:00,10:58:00
116,FE,FE1160015,Embajadores,1,,116_B,10:58:00,12:00:03
116,FE,FE1160016,Villaverde Cruce,0,,116_A,12:00:00,12:58:00
116,FE,FE1160017,Embajadores,1,,116_B,12:58:00,14:00:03
116,FE,FE1160018,Villaverde Cruce,0,,116_A,14:00:00,14:58:00
116,FE,FE1160019,Embajadores,1,,116_B,14:58:00,15:55:00
116,FE,FE11600110,Villaverde Cruce,0,,116_A,15:55:00,16:51:02
116,FE,FE11600111,Embajadores,1,,116_B,16:51:00,17:51:00
116,FE,FE11600112,Villaverde Cruce,0,,116_A,17:51:00,18:49:58
116,FE,FE11600113,Embajadores,1,,116_B,18:50:00,19:52:03
116,FE,FE11600114,Villaverde Cruce,0,,116_A,19:52:00,20:50:00
116,FE,FE11600115,Embajadores,1,,116_B,20:50:00,21:50:00
116,FE,FE11600116,Villaverde Cruce,0,,116_A,21:50:00,22:49:58
116,FE,FE11600117,Embajadores,1,,116_B,22:50:00,23:38:01
116,FE,FE1160021,Villaverde Cruce,0,,116_A,07:30:00,08:15:00
116,FE,FE1160022,Embajadores,1,,116_B,08:15:00,09:06:01
116,FE,FE1160023,Villaverde Cruce,0,,116_A,09:06:00,09:58:00
116,FE,FE1160024,Embajadores,1,,116_B,09:58:00,11:00:03
116,FE,FE1160025,Villaverde Cruce,0,,116_A,11:00:00,11:58:00
116,FE,FE1160026,Embajadores,1,,116_B,11:58:00,13:00:03
116,FE,FE1160027,Villaverde Cruce,0,,116_A,13:00:00,13:58:00
116,FE,FE1160028,Embajadores,1,,116_B,13:58:00,14:58:00
116,FE,FE1160029,Villaverde Cruce,0,,116_A,14:58:00,15:54:02
116,FE,FE11600210,Embajadores,1,,116_B,15:54:00,16:52:03
116,FE,FE11600211,Villaverde Cruce,0,,116_A,16:52:00,18:02:01
116,FE,FE11600212,Embajadores,1,,116_B,18:02:00,19:04:03
116,FE,FE11600213,Villaverde Cruce,0,,116_A,19:04:00,20:02:00
116,FE,FE11600214,Embajadores,1,,116_B,20:02:00,21:02:00
116,FE,FE11600215,Villaverde Cruce,0,,116_A,21:02:00,22:00:00
116,FE,FE11600216,Embajadores,1,,116_B,22:00:00,23:04:56
116,FE,FE11600217,Villaverde Cruce,0,,116_A,23:05:00,23:53:59
116,FE,FE1160031,Embajadores,1,,116_B,07:38:00,08:34:02
116,FE,FE1160032,Villaverde Cruce,0,,116_A,08:34:00,09:32:00
116,FE,FE1160033,Embajadores,1,,116_B,09:32:00,10:32:00
116,FE,FE1160034,Villaverde Cruce,0,,116_A,10:32:00,11:28:02
116,FE,FE1160035,Embajadores,1,,116_B,11:28:00,12:30:03
116,FE,FE1160036,Villaverde Cruce,0,,116_A,12:30:00,13:28:00
116,FE,FE1160037,Embajadores,1,,116_B,13:28:00,14:28:58
116,FE,FE1160038,Villaverde Cruce,0,,116_A,14:29:00,15:26:00
116,FE,FE1160039,Embajadores,1,,116_B,15:26:00,16:23:00
116,FE,FE11600310,Villaverde Cruce,0,,116_A,16:23:00,17:39:02
116,FE,FE11600311,Embajadores,1,,116_B,17:39:00,18:39:58
116,FE,FE11600312,Villaverde Cruce,0,,116_A,18:40:00,19:38:00
116,FE,FE11600313,Embajadores,1,,116_B,19:38:00,20:38:58
116,FE,FE11600314,Villaverde Cruce,0,,116_A,20:39:00,21:36:00
116,FE,FE11600315,Embajadores,1,,116_B,21:36:00,22:40:02
116,FE,FE11600316,Villaverde Cruce,0,,116_A,22:40:00,23:26:59
116,FE,FE1160041,Embajadores,1,,116_B,08:41:00,09:36:00
116,FE,FE1160042,Villaverde Cruce,0,,116_A,09:36:00,10:28:00
116,FE,FE1160043,Embajadores,1,,116_B,10:28:00,11:30:03
116,FE,FE1160044,Villaverde Cruce,0,,116_A,11:30:00,12:28:00
116,FE,FE1160045,Embajadores,1,,116_B,12:28:00,13:30:03
116,FE,FE1160046,Villaverde Cruce,0,,116_A,13:30:00,14:28:00
116,FE,FE1160047,Embajadores,1,,116_B,14:28:00,15:27:02
116,FE,FE1160048,Villaverde Cruce,0,,116_A,15:27:00,16:22:02
116,FE,FE1160049,Embajadores,1,,116_B,16:22:00,17:21:02
116,FE,FE11600410,Villaverde Cruce,0,,116_A,17:21:00,18:26:01
116,FE,FE11600411,Embajadores,1,,116_B,18:26:00,19:28:03
116,FE,FE11600412,Villaverde Cruce,0,,116_A,19:28:00,20:26:00
116,FE,FE11600413,Embajadores,1,,116_B,20:26:00,21:25:02
116,FE,FE11600414,Villaverde Cruce,0,,116_A,21:25:00,22:24:58
116,FE,FE11600415,Embajadores,1,,116_B,22:25:00,23:29:56
116,FE,FE11600416,Villaverde Cruce,0,,116_A,23:30:00,24:16:04
116,FE,FE1160051,Embajadores,1,,116_B,17:15:00,18:15:58
116,FE,FE1160052,Villaverde Cruce,0,,116_A,18:16:00,19:14:00
116,FE,FE1160053,Embajadores,1,,116_B,19:14:00,20:14:58
116,FE,FE1160054,Villaverde Cruce,0,,116_A,20:15:00,21:13:00
116,FE,FE1160055,Embajadores,1,,116_B,21:13:00,22:15:03
116,FE,FE1160056,Villaverde Cruce,0,,116_A,22:15:00,23:02:58
116,LA,LA1160011,Embajadores,1,,116_B,05:50:00,06:45:00
116,LA,LA1160012,Villaverde Cruce,0,,116_A,06:45:00,07:41:02
116,LA,LA1160013,Embajadores,1,,116_B,07:41:00,08:51:58
116,LA,LA1160014,Villaverde Cruce,0,,116_A,08:52:00,09:54:00
116,LA,LA1160015,Embajadores,1,,116_B,09:54:00,10:58:56
116,LA,LA1160016,Villaverde Cruce,0,,116_A,10:59:00,12:01:00
116,LA,LA1160017,Embajadores,1,,116_B,12:01:00,13:07:57
116,LA,LA1160018,Villaverde Cruce,0,,116_A,13:08:00,14:12:01
116,LA,LA1160019,Embajadores,1,,116_B,14:12:00,15:19:59
116,LA,LA11600110,Villaverde Cruce,0,,116_A,15:20:00,16:23:01
116,LA,LA11600111,Embajadores,1,,116_B,16:23:00,17:32:58
116,LA,LA11600112,Villaverde Cruce,0,,116_A,17:33:00,18:37:01
116,LA,LA11600113,Embajadores,1,,116_B,18:37:00,19:45:59
116,LA,LA11600114,Villaverde Cruce,0,,116_A,19:46:00,20:44:00
116,LA,LA11600115,Embajadores,1,,116_B,20:44:00,21:43:02
116,LA,LA11600116,Villaverde Cruce,0,,116_A,21:43:00,22:35:00
116,LA,LA1160021,Embajadores,1,,116_B,06:02:00,07:00:03
116,LA,LA1160022,Villaverde Cruce,0,,116_A,07:00:00,08:00:57
116,LA,LA1160023,Embajadores,1,,116_B,08:01:00,09:15:59
116,LA,LA1160024,Villaverde Cruce,0,,116_A,09:16:00,10:18:00
116,LA,LA1160025,Embajadores,1,,116_B,10:18:00,11:24:57
116,LA,LA1160026,Villaverde Cruce,0,,116_A,11:25:00,12:27:00
116,LA,LA1160027,Embajadores,1,,116_B,12:27:00,13:33:57
116,LA,LA1160028,Villaverde Cruce,0,,116_A,13:34:00,14:38:01
116,LA,LA1160029,Embajadores,1,,116_B,14:38:00,15:45:59
116,LA,LA11600210,Villaverde Cruce,0,,116_A,15:46:00,16:50:01
116,LA,LA11600211,Embajadores,1,,116_B,16:50:00,17:59:58
116,LA,LA11600212,Villaverde Cruce,0,,116_A,18:00:00,19:04:01
116,LA,LA11600213,Embajadores,1,,116_B,19:04:00,20:10:00
116,LA,LA11600214,Villaverde Cruce,0,,116_A,20:10:00,21:16:01
116,LA,LA11600215,Embajadores,1,,116_B,21:16:00,22:13:00
116,LA,LA11600216,Villaverde Cruce,0,,116_A,22:13:00,23:00:58
116,LA,LA1160031,Embajadores,1,,116_B,06:14:00,07:14:00
116,LA,LA1160032,Villaverde Cruce,0,,116_A,07:14:00,08:11:00
116,LA,LA1160033,Embajadores,1,,116_B,08:11:00,09:19:59
116,LA,LA1160041,Villaverde Cruce,0,,116_A,06:30:00,07:21:01
116,LA,LA1160042,Embajadores,1,,116_B,07:21:00,08:27:57
116,LA,LA1160043,Villaverde Cruce,0,,116_A,08:28:00,09:31:01
116,LA,LA1160044,Embajadores,1,,116_B,09:31:00,10:35:02
116,LA,LA1160051,Embajadores,1,,116_B,06:26:00,07:28:03
116,LA,LA1160052,Villaverde Cruce,0,,116_A,07:28:00,08:32:01
116,LA,LA1160053,Embajadores,1,,116_B,08:32:00,09:39:59
116,LA,LA1160054,Villaverde Cruce,0,,116_A,09:40:00,10:42:00
116,LA,LA1160055,Embajadores,1,,116_B,10:42:00,11:50:59
116,LA,LA1160056,Villaverde Cruce,0,,116_A,11:51:00,12:53:00
116,LA,LA1160057,Embajadores,1,,116_B,12:53:00,14:00:59
116,LA,LA1160058,Villaverde Cruce,0,,116_A,14:01:00,15:05:01
116,LA,LA1160059,Embajadores,1,,116_B,15:05:00,16:12:59
116,LA,LA11600510,Villaverde Cruce,0,,116_A,16:13:00,17:17:01
116,LA,LA11600511,Embajadores,1,,116_B,17:17:00,18:26:58
116,LA,LA11600512,Villaverde Cruce,0,,116_A,18:27:00,19:30:01
116,LA,LA11600513,Embajadores,1,,116_B,19:30:00,20:34:02
116,LA,LA11600514,Villaverde Cruce,0,,116_A,20:34:00,21:32:00
116,LA,LA11600515,Embajadores,1,,116_B,21:32:00,22:28:02
116,LA,LA11600516,Villaverde Cruce,0,,116_A,22:28:00,23:16:59
116,LA,LA1160061,Embajadores,1,,116_B,06:38:00,07:40:03
116,LA,LA1160062,Villaverde Cruce,0,,116_A,07:40:00,08:44:01
116,LA,LA1160063,Embajadores,1,,116_B,08:44:00,09:51:59
116,LA,LA1160064,Villaverde Cruce,0,,116_A,09:52:00,10:54:00
116,LA,LA1160065,Embajadores,1,,116_B,10:54:00,12:03:58
116,LA,LA1160066,Villaverde Cruce,0,,116_A,12:04:00,13:06:00
116,LA,LA1160067,Embajadores,1,,116_B,13:06:00,14:13:59
116,LA,LA1160068,Villaverde Cruce,0,,116_A,14:14:00,15:18:01
116,LA,LA1160069,Embajadores,1,,116_B,15:18:00,16:26:59
116,LA,LA11600610,Villaverde Cruce,0,,116_A,16:27:00,17:31:01
116,LA,LA11600611,Embajadores,1,,116_B,17:31:00,18:40:58
116,LA,LA11600612,Villaverde Cruce,0,,116_A,18:41:00,19:43:00
116,LA,LA11600613,Embajadores,1,,116_B,19:43:00,20:46:00
116,LA,LA11600614,Villaverde Cruce,0,,116_A,20:46:00,21:50:01
116,LA,LA11600615,Embajadores,1,,116_B,21:50:00,22:46:02
116,LA,LA11600616,Villaverde Cruce,0,,116_A,22:46:00,23:34:59
116,LA,LA1160071,Embajadores,1,,116_B,06:49:00,07:52:00
116,LA,LA1160072,Villaverde Cruce,0,,116_A,07:52:00,08:56:01
116,LA,LA1160073,Embajadores,1,,116_B,08:56:00,10:04:59
116,LA,LA1160074,Villaverde Cruce,0,,116_A,10:05:00,11:07:00
116,LA,LA1160075,Embajadores,1,,116_B,11:07:00,12:16:58
116,LA,LA1160076,Villaverde Cruce,0,,116_A,12:17:00,13:20:01
116,LA,LA1160077,Embajadores,1,,116_B,13:20:00,14:27:59
116,LA,LA1160078,Villaverde Cruce,0,,116_A,14:28:00,15:31:01
116,LA,LA1160079,Embajadores,1,,116_B,15:31:00,16:39:59
116,LA,LA11600710,Villaverde Cruce,0,,116_A,16:40:00,17:44:01
116,LA,LA11600711,Embajadores,1,,116_B,17:44:00,18:54:58
116,LA,LA11600712,Villaverde Cruce,0,,116_A,18:55:00,19:58:01
116,LA,LA11600713,Embajadores,1,,116_B,19:58:00,20:58:58
116,LA,LA11600714,Villaverde Cruce,0,,116_A,20:59:00,21:55:02
116,LA,LA1160081,Embajadores,1,,116_B,07:00:00,08:04:02
116,LA,LA1160082,Villaverde Cruce,0,,116_A,08:04:00,09:08:01
116,LA,LA1160083,Embajadores,1,,116_B,09:08:00,10:18:58
116,LA,LA1160084,Villaverde Cruce,0,,116_A,10:19:00,11:21:00
116,LA,LA1160085,Embajadores,1,,116_B,11:21:00,12:29:59
116,LA,LA1160086,Villaverde Cruce,0,,116_A,12:30:00,13:33:01
116,LA,LA1160087,Embajadores,1,,116_B,13:33:00,14:40:59
116,LA,LA1160088,Villaverde Cruce,0,,116_A,14:41:00,15:44:01
116,LA,LA1160089,Embajadores,1,,116_B,15:44:00,16:53:58
116,LA,LA11600810,Villaverde Cruce,0,,116_A,16:54:00,17:58:01
116,LA,LA11600811,Embajadores,1,,116_B,17:58:00,19:07:58
116,LA,LA11600812,Villaverde Cruce,0,,116_A,19:08:00,20:13:01
116,LA,LA11600813,Embajadores,1,,116_B,20:13:00,21:13:00
116,LA,LA11600814,Villaverde Cruce,0,,116_A,21:13:00,22:10:00
116,LA,LA11600815,Embajadores,1,,116_B,22:10:00,23:05:00
116,LA,LA11600816,Villaverde Cruce,0,,116_A,23:05:00,23:51:59
116,LA,LA1160091,Embajadores,1,,116_B,07:11:00,08:15:56
116,LA,LA1160092,Villaverde Cruce,0,,116_A,08:16:00,09:19:01
116,LA,LA1160093,Embajadores,1,,116_B,09:19:00,10:33:05
116,LA,LA1160094,Villaverde Cruce,0,,116_A,10:33:00,11:35:00
116,LA,LA1160095,Embajadores,1,,116_B,11:35:00,12:42:59
116,LA,LA1160096,Villaverde Cruce,0,,116_A,12:43:00,13:46:01
116,LA,LA1160097,Embajadores,1,,116_B,13:46:00,14:53:59
116,LA,LA1160098,Villaverde Cruce,0,,116_A,14:54:00,15:57:01
116,LA,LA1160099,Embajadores,1,,116_B,15:57:00,17:06:58
116,LA,LA11600910,Villaverde Cruce,0,,116_A,17:07:00,18:11:01
116,LA,LA11600911,Embajadores,1,,116_B,18:11:00,19:20:58
116,LA,LA11600912,Villaverde Cruce,0,,116_A,19:21:00,20:28:01
116,LA,LA11600913,Embajadores,1,,116_B,20:28:00,21:28:00
116,LA,LA11600914,Villaverde Cruce,0,,116_A,21:28:00,22:30:00
116,LA,LA11600915,Embajadores,1,,116_B,22:30:00,23:30:00
116,LA,LA11600916,Villaverde Cruce,0,,116_A,23:30:00,24:20:01
116,LA,LA1160101,Embajadores,1,,116_B,07:31:00,08:39:59
116,LA,LA1160102,Villaverde Cruce,0,,116_A,08:40:00,09:43:01
116,LA,LA1160103,Embajadores,1,,116_B,09:43:00,10:46:00
116,LA,LA1160104,Villaverde Cruce,0,,116_A,10:46:00,11:48:00
116,LA,LA1160105,Embajadores,1,,116_B,11:48:00,12:54:57
116,LA,LA1160106,Villaverde Cruce,0,,116_A,12:55:00,13:59:01
116,LA,LA1160107,Embajadores,1,,116_B,13:59:00,15:06:59
116,LA,LA1160108,Villaverde Cruce,0,,116_A,15:07:00,16:10:01
116,LA,LA1160109,Embajadores,1,,116_B,16:10:00,17:19:58
116,LA,LA11601010,Villaverde Cruce,0,,116_A,17:20:00,18:24:01
116,LA,LA11601011,Embajadores,1,,116_B,18:24:00,19:33:58
116,LA,LA11601012,Villaverde Cruce,0,,116_A,19:34:00,20:32:58
116,LA,LA1160111,Embajadores,1,,116_B,07:51:00,09:04:01
116,LA,LA1160112,Villaverde Cruce,0,,116_A,09:04:00,10:06:00
116,LA,LA1160113,Embajadores,1,,116_B,10:06:00,11:12:00
116,LA,LA1160114,Villaverde Cruce,0,,116_A,11:12:00,12:14:00
116,LA,LA1160115,Embajadores,1,,116_B,12:14:00,13:20:57
116,LA,LA1160116,Villaverde Cruce,0,,116_A,13:21:00,14:25:01
116,LA,LA1160117,Embajadores,1,,116_B,14:25:00,15:32:59
116,LA,LA1160118,Villaverde Cruce,0,,116_A,15:33:00,16:37:01
116,LA,LA1160119,Embajadores,1,,116_B,16:37:00,17:46:58
116,LA,LA11601110,Villaverde Cruce,0,,116_A,17:47:00,18:51:01
116,LA,LA11601111,Embajadores,1,,116_B,18:51:00,19:57:57
116,LA,LA11601112,Villaverde Cruce,0,,116_A,19:58:00,21:00:00
116,LA,LA11601113,Embajadores,1,,116_B,21:00:00,21:58:03
116,LA,LA11601114,Villaverde Cruce,0,,116_A,21:58:00,22:50:00
116,LA,LA11601115,Embajadores,1,,116_B,22:50:00,23:36:58
116,LA,LA1160121,Embajadores,1,,116_B,08:21:00,09:27:57
116,LA,LA1160122,Villaverde Cruce,0,,116_A,09:28:00,10:30:00
116,LA,LA1160123,Embajadores,1,,116_B,10:30:00,11:37:59
116,LA,LA1160124,Villaverde Cruce,0,,116_A,11:38:00,12:40:00
116,LA,LA1160125,Embajadores,1,,116_B,12:40:00,13:46:57
116,LA,LA1160126,Villaverde Cruce,0,,116_A,13:47:00,14:51:01
116,LA,LA1160127,Embajadores,1,,116_B,14:51:00,15:58:59
116,LA,LA1160128,Villaverde Cruce,0,,116_A,15:59:00,17:03:01
116,LA,LA1160129,Embajadores,1,,116_B,17:03:00,18:12:58
116,LA,LA11601210,Villaverde Cruce,0,,116_A,18:13:00,19:17:01
116,LA,LA11601211,Embajadores,1,,116_B,19:17:00,20:21:56
116,LA,LA11601212,Villaverde Cruce,0,,116_A,20:22:00,21:19:00
116,SA,SA1160011,Embajadores,1,,116_B,05:50:00,06:30:00
116,SA,SA1160012,Villaverde Cruce,0,,116_A,06:30:00,07:20:01
116,SA,SA1160013,Embajadores,1,,116_B,07:20:00,08:11:01
116,SA,SA1160014,Villaverde Cruce,0,,116_A,08:11:00,08:58:58
116,SA,SA1160015,Embajadores,1,,116_B,08:59:00,09:59:00
116,SA,SA1160016,Villaverde Cruce,0,,116_A,09:59:00,10:56:00
116,SA,SA1160017,Embajadores,1,,116_B,10:56:00,11:58:03
116,SA,SA1160018,Villaverde Cruce,0,,116_A,11:58:00,12:56:00
116,SA,SA1160019,Embajadores,1,,116_B,12:56:00,13:56:00
116,SA,SA11600110,Villaverde Cruce,0,,116_A,13:56:00,14:54:00
116,SA,SA11600111,Embajadores,1,,116_B,14:54:00,15:54:00
116,SA,SA11600112,Villaverde Cruce,0,,116_A,15:54:00,16:50:02
116,SA,SA11600113,Embajadores,1,,116_B,16:50:00,17:50:58
116,SA,SA11600114,Villaverde Cruce,0,,116_A,17:51:00,18:49:00
116,SA,SA11600115,Embajadores,1,,116_B,18:49:00,19:51:03
116,SA,SA11600116,Villaverde Cruce,0,,116_A,19:51:00,20:49:00
116,SA,SA11600117,Embajadores,1,,116_B,20:49:00,21:51:03
116,SA,SA11600118,Villaverde Cruce,0,,116_A,21:51:00,22:49:58
116,SA,SA11600119,Embajadores,1,,116_B,22:50:00,23:38:59
116,SA,SA1160021,Embajadores,1,,116_B,06:20:00,07:05:00
116,SA,SA1160022,Villaverde Cruce,0,,116_A,07:05:00,07:50:00
116,SA,SA1160023,Embajadores,1,,116_B,07:50:00,08:43:02
116,SA,SA1160024,Villaverde Cruce,0,,116_A,08:43:00,09:45:00
116,SA,SA1160025,Embajadores,1,,116_B,09:45:00,10:45:58
116,SA,SA1160026,Villaverde Cruce,0,,116_A,10:46:00,11:44:00
116,SA,SA1160027,Embajadores,1,,116_B,11:44:00,12:46:03
116,SA,SA1160028,Villaverde Cruce,0,,116_A,12:46:00,13:44:00
116,SA,SA1160029,Embajadores,1,,116_B,13:44:00,14:44:00
116,SA,SA11600210,Villaverde Cruce,0,,116_A,14:44:00,15:40:02
116,SA,SA11600211,Embajadores,1,,116_B,15:40:00,16:40:00
116,SA,SA11600212,Villaverde Cruce,0,,116_A,16:40:00,17:37:00
116,SA,SA11600213,Embajadores,1,,116_B,17:37:00,18:39:03
116,SA,SA11600214,Villaverde Cruce,0,,116_A,18:39:00,19:37:00
116,SA,SA11600215,Embajadores,1,,116_B,19:37:00,20:39:03
116,SA,SA11600216,Villaverde Cruce,0,,116_A,20:39:00,21:37:00
116,SA,SA11600217,Embajadores,1,,116_B,21:37:00,22:40:00
116,SA,SA11600218,Villaverde Cruce,0,,116_A,22:40:00,23:33:01
116,SA,SA1160031,Embajadores,1,,116_B,06:50:00,07:38:59
116,SA,SA1160032,Villaverde Cruce,0,,116_A,07:39:00,08:36:00
116,SA,SA1160033,Embajadores,1,,116_B,08:36:00,09:34:03
116,SA,SA1160034,Villaverde Cruce,0,,116_A,09:34:00,10:32:00
116,SA,SA1160035,Embajadores,1,,116_B,10:32:00,11:34:03
116,SA,SA1160036,Villaverde Cruce,0,,116_A,11:34:00,12:32:00
116,SA,SA1160037,Embajadores,1,,116_B,12:32:00,13:32:58
116,SA,SA1160038,Villaverde Cruce,0,,116_A,13:33:00,14:31:00
116,SA,SA1160039,Embajadores,1,,116_B,14:31:00,15:31:00
116,SA,SA11600310,Villaverde Cruce,0,,116_A,15:31:00,16:26:02
116,SA,SA11600311,Embajadores,1,,116_B,16:26:00,17:26:58
116,SA,SA11600312,Villaverde Cruce,0,,116_A,17:27:00,18:25:00
116,SA,SA11600313,Embajadores,1,,116_B,18:25:00,19:27:03
116,SA,SA11600314,Villaverde Cruce,0,,116_A,19:27:00,20:25:00
116,SA,SA11600315,Embajadores,1,,116_B,20:25:00,21:27:03
116,SA,SA11600316,Villaverde Cruce,0,,116_A,21:27:00,22:25:00
116,SA,SA11600317,Embajadores,1,,116_B,22:25:00,23:29:56
116,SA,SA11600318,Villaverde Cruce,0,,116_A,23:30:00,24:20:01
116,SA,SA1160041,Embajadores,1,,116_B,08:13:00,09:09:02
116,SA,SA1160042,Villaverde Cruce,0,,116_A,09:09:00,10:07:58
116,SA,SA1160043,Embajadores,1,,116_B,10:08:00,11:10:03
116,SA,SA1160044,Villaverde Cruce,0,,116_A,11:10:00,12:08:00
116,SA,SA1160045,Embajadores,1,,116_B,12:08:00,13:10:03
116,SA,SA1160046,Villaverde Cruce,0,,116_A,13:10:00,14:08:00
116,SA,SA1160047,Embajadores,1,,116_B,14:08:00,15:08:00
116,SA,SA1160048,Villaverde Cruce,0,,116_A,15:08:00,16:03:02
116,SA,SA1160049,Embajadores,1,,116_B,16:03:00,17:03:00
116,SA,SA11600410,Villaverde Cruce,0,,116_A,17:03:00,18:01:00
116,SA,SA11600411,Embajadores,1,,116_B,18:01:00,19:03:03
116,SA,SA11600412,Villaverde Cruce,0,,116_A,19:03:00,20:01:00
116,SA,SA11600413,Embajadores,1,,116_B,20:01:00,21:03:03
116,SA,SA11600414,Villaverde Cruce,0,,116_A,21:03:00,22:01:00
116,SA,SA11600415,Embajadores,1,,116_B,22:01:00,23:05:02
116,SA,SA11600416,Villaverde Cruce,0,,116_A,23:05:00,23:55:01
116,SA,SA1160051,Embajadores,1,,116_B,09:22:00,10:22:58
116,SA,SA1160052,Villaverde Cruce,0,,116_A,10:23:00,11:20:00
116,SA,SA1160053,Embajadores,1,,116_B,11:20:00,12:22:03
116,SA,SA1160054,Villaverde Cruce,0,,116_A,12:22:00,13:20:00
116,SA,SA1160055,Embajadores,1,,116_B,13:20:00,14:20:00
116,SA,SA1160056,Villaverde Cruce,0,,116_A,14:20:00,15:17:00
116,SA,SA1160057,Embajadores,1,,116_B,15:17:00,16:17:00
116,SA,SA1160058,Villaverde Cruce,0,,116_A,16:17:00,17:13:02
116,SA,SA1160059,Embajadores,1,,116_B,17:13:00,18:15:03
116,SA,SA11600510,Villaverde Cruce,0,,116_A,18:15:00,19:13:00
116,SA,SA11600511,Embajadores,1,,116_B,19:13:00,20:15:03
116,SA,SA11600512,Villaverde Cruce,0,,116_A,20:15:00,21:13:00
116,SA,SA11600513,Embajadores,1,,116_B,21:13:00,22:15:03
116,SA,SA11600514,Villaverde Cruce,0,,116_A,22:15:00,23:07:00
203,FE,FE2030011,Aeropuerto,0,,203_A,06:00:00,06:39:59
203,FE,FE2030012,Estacion Atocha,1,,203_B,06:40:00,07:20:00
203,FE,FE2030013,Aeropuerto,0,,203_A,07:20:00,07:59:59
203,FE,FE2030014,Estacion Atocha,1,,203_B,08:00:00,08:56:00
203,FE,FE2030015,Aeropuerto,0,,203_A,08:56:00,09:35:59
203,FE,FE2030016,Estacion Atocha,1,,203_B,09:36:00,10:25:59
203,FE,FE2030017,Aeropuerto,0,,203_A,10:26:00,11:05:59
203,FE,FE2030018,Estacion Atocha,1,,203_B,11:06:00,11:55:59
203,FE,FE2030019,Aeropuerto,0,,203_A,11:56:00,12:35:59
203,FE,FE20300110,Estacion Atocha,1,,203_B,12:36:00,13:25:59
203,FE,FE20300111,Aeropuerto,0,,203_A,13:26:00,14:05:59
203,FE,FE20300112,Estacion Atocha,1,,203_B,14:06:00,14:55:59
203,FE,FE20300113,Aeropuerto,0,,203_A,14:56:00,15:35:59
203,FE,FE20300114,Estacion Atocha,1,,203_B,15:36:00,16:25:59
203,FE,FE20300115,Aeropuerto,0,,203_A,16:26:00,17:05:59
203,FE,FE20300116,Estacion Atocha,1,,203_B,17:06:00,17:55:59
203,FE,FE20300117,Aeropuerto,0,,203_A,17:56:00,18:35:59
203,FE,FE20300118,Estacion Atocha,1,,203_B,18:36:00,19:25:59
203,FE,FE20300119,Aeropuerto,0,,203_A,19:26:00,20:05:00
203,FE,FE20300120,Estacion Atocha,1,,203_B,20:05:00,20:56:00
203,FE,FE20300121,Aeropuerto,0,,203_A,20:56:00,21:32:00
203,FE,FE20300122,Estacion Atocha,1,,203_B,21:32:00,22:15:00
203,FE,FE2030021,Estacion Atocha,1,,203_B,06:00:00,06:40:00
203,FE,FE2030022,Aeropuerto,0,,203_A,06:40:00,07:19:59
203,FE,FE2030023,Estacion Atocha,1,,203_B,07:20:00,08:00:00
203,FE,FE2030024,Aeropuerto,0,,203_A,08:00:00,08:39:59
203,FE,FE2030025,Estacion Atocha,1,,203_B,08:40:00,09:32:01
203,FE,FE2030026,Aeropuerto,0,,203_A,09:32:00,10:11:59
203,FE,FE2030027,Estacion Atocha,1,,203_B,10:12:00,11:01:59
203,FE,FE2030028,Aeropuerto,0,,203_A,11:02:00,11:41:59
203,FE,FE2030029,Estacion Atocha,1,,203_B,11:42:00,12:31:59
203,FE,FE20300210,Aeropuerto,0,,203_A,12:32:00,13:11:59
203,FE,FE20300211,Estacion Atocha,1,,203_B,13:12:00,14:01:59
203,FE,FE20300212,Aeropuerto,0,,203_A,14:02:00,14:41:59
203,FE,FE20300213,Estacion Atocha,1,,203_B,14:42:00,15:31:59
203,FE,FE20300214,Aeropuerto,0,,203_A,15:32:00,16:11:59
203,FE,FE20300215,Estacion Atocha,1,,203_B,16:12:00,17:01:59
203,FE,FE20300216,Aeropuerto,0,,203_A,17:02:00,17:41:59
203,FE,FE20300217,Estacion Atocha,1,,203_B,17:42:00,18:31:59
203,FE,FE20300218,Aeropuerto,0,,203_A,18:32:00,19:11:59
203,FE,FE20300219,Estacion Atocha,1,,203_B,19:12:00,20:01:59
203,FE,FE20300220,Aeropuerto,0,,203_A,20:02:00,20:39:01
203,FE,FE20300221,Estacion Atocha,1,,203_B,20:39:00,21:35:00
203,FE,FE20300222,Aeropuerto,0,,203_A,21:35:00,22:10:00
203,FE,FE20300223,Estacion Atocha,1,,203_B,22:10:00,22:59:59
203,FE,FE20300224,Aeropuerto,0,,203_A,23:00:00,23:30:00
203,FE,FE20300225,Estacion Atocha,1,,203_B,23:30:00,24:10:00
203,FE,FE2030031,Aeropuerto,0,,203_A,06:20:00,06:59:59
203,FE,FE2030032,Estacion Atocha,1,,203_B,07:00:00,07:40:00
203,FE,FE2030033,Aeropuerto,0,,203_A,07:40:00,08:19:59
203,FE,FE2030034,Estacion Atocha,1,,203_B,08:20:00,09:13:59
203,FE,FE2030035,Aeropuerto,0,,203_A,09:14:00,09:53:59
203,FE,FE2030036,Estacion Atocha,1,,203_B,09:54:00,10:43:59
203,FE,FE2030037,Aeropuerto,0,,203_A,10:44:00,11:23:59
203,FE,FE2030038,Estacion Atocha,1,,203_B,11:24:00,12:13:59
203,FE,FE2030039,Aeropuerto,0,,203_A,12:14:00,12:53:59
203,FE,FE20300310,Estacion Atocha,1,,203_B,12:54:00,13:43:59
203,FE,FE20300311,Aeropuerto,0,,203_A,13:44:00,14:23:59
203,FE,FE20300312,Estacion Atocha,1,,203_B,14:24:00,15:13:59
203,FE,FE20300313,Aeropuerto,0,,203_A,15:14:00,15:53:59
203,FE,FE20300314,Estacion Atocha,1,,203_B,15:54:00,16:43:59
203,FE,FE20300315,Aeropuerto,0,,203_A,16:44:00,17:23:59
203,FE,FE20300316,Estacion Atocha,1,,203_B,17:24:00,18:13:59
203,FE,FE20300317,Aeropuerto,0,,203_A,18:14:00,18:53:59
203,FE,FE20300318,Estacion Atocha,1,,203_B,18:54:00,19:43:59
203,FE,FE20300319,Aeropuerto,0,,203_A,19:44:00,20:22:00
203,FE,FE20300320,Estacion Atocha,1,,203_B,20:22:00,21:15:00
203,FE,FE20300321,Aeropuerto,0,,203_A,21:15:00,21:51:00
203,FE,FE20300322,Estacion Atocha,1,,203_B,21:51:00,22:35:00
203,FE,FE20300323,Aeropuerto,0,,203_A,22:35:00,23:10:00
203,FE,FE20300324,Estacion Atocha,1,,203_B,23:10:00,23:50:00
203,FE,FE2030041,Estacion Atocha,1,,203_B,06:20:00,07:00:00
203,FE,FE2030042,Aeropuerto,0,,203_A,07:00:00,07:39:59
203,FE,FE2030043,Estacion Atocha,1,,203_B,07:40:00,08:20:00
203,FE,FE2030044,Aeropuerto,0,,203_A,08:20:00,08:59:59
203,FE,FE2030045,Estacion Atocha,1,,203_B,09:00:00,09:49:59
203,FE,FE2030046,Aeropuerto,0,,203_A,09:50:00,10:29:59
203,FE,FE2030047,Estacion Atocha,1,,203_B,10:30:00,11:19:59
203,FE,FE2030048,Aeropuerto,0,,203_A,11:20:00,11:59:59
203,FE,FE2030049,Estacion Atocha,1,,203_B,12:00:00,12:49:59
203,FE,FE20300410,Aeropuerto,0,,203_A,12:50:00,13:29:59
203,FE,FE20300411,Estacion Atocha,1,,203_B,13:30:00,14:19:59
203,FE,FE20300412,Aeropuerto,0,,203_A,14:20:00,14:59:59
203,FE,FE20300413,Estacion Atocha,1,,203_B,15:00:00,15:49:59
203,FE,FE20300414,Aeropuerto,0,,203_A,15:50:00,16:29:59
203,FE,FE20300415,Estacion Atocha,1,,203_B,16:30:00,17:19:59
203,FE,FE20300416,Aeropuerto,0,,203_A,17:20:00,17:59:59
203,FE,FE20300417,Estacion Atocha,1,,203_B,18:00:00,18:49:59
203,FE,FE20300418,Aeropuerto,0,,203_A,18:50:00,19:29:59
203,FE,FE20300419,Estacion Atocha,1,,203_B,19:30:00,20:19:59
203,FE,FE20300420,Aeropuerto,0,,203_A,20:20:00,20:56:00
203,FE,FE20300421,Estacion Atocha,1,,203_B,20:56:00,21:55:01
203,FE,FE20300422,Aeropuerto,0,,203_A,21:55:00,22:30:00
203,FE,FE20300423,Estacion Atocha,1,,203_B,22:30:00,23:10:00
203,FE,FE2030051,Aeropuerto,0,,203_A,08:38:00,09:17:59
203,FE,FE2030052,Estacion Atocha,1,,203_B,09:18:00,10:07:59
203,FE,FE2030053,Aeropuerto,0,,203_A,10:08:00,10:47:59
203,FE,FE2030054,Estacion Atocha,1,,203_B,10:48:00,11:37:59
203,FE,FE2030055,Aeropuerto,0,,203_A,11:38:00,12:17:59
203,FE,FE2030056,Estacion Atocha,1,,203_B,12:18:00,13:07:59
203,FE,FE2030057,Aeropuerto,0,,203_A,13:08:00,13:47:59
203,FE,FE2030058,Estacion Atocha,1,,203_B,13:48:00,14:37:59
203,FE,FE2030059,Aeropuerto,0,,203_A,14:38:00,15:17:59
203,FE,FE20300510,Estacion Atocha,1,,203_B,15:18:00,16:07:59
203,FE,FE20300511,Aeropuerto,0,,203_A,16:08:00,16:47:59
203,FE,FE20300512,Estacion Atocha,1,,203_B,16:48:00,17:37:59
203,FE,FE20300513,Aeropuerto,0,,203_A,17:38:00,18:17:59
203,FE,FE20300514,Estacion Atocha,1,,203_B,18:18:00,19:07:59
203,FE,FE20300515,Aeropuerto,0,,203_A,19:08:00,19:47:59
203,FE,FE20300516,Estacion Atocha,1,,203_B,19:48:00,20:37:59
203,FE,FE20300517,Aeropuerto,0,,203_A,20:38:00,21:14:00
203,FE,FE20300518,Estacion Atocha,1,,203_B,21:14:00,22:15:00
203,FE,FE20300519,Aeropuerto,0,,203_A,22:15:00,22:50:00
203,FE,FE20300520,Estacion Atocha,1,,203_B,22:50:00,23:30:00
203,FE,FE20300521,Aeropuerto,0,,203_A,23:30:00,24:00:00
203,LA,LA2030011,Aeropuerto,0,,203_A,06:00:00,06:39:59
203,LA,LA2030012,Estacion Atocha,1,,203_B,06:40:00,07:20:00
203,LA,LA2030013,Aeropuerto,0,,203_A,07:20:00,08:15:00
203,LA,LA2030014,Estacion Atocha,1,,203_B,08:15:00,09:15:00
203,LA,LA2030015,Aeropuerto,0,,203_A,09:15:00,10:00:00
203,LA,LA2030016,Estacion Atocha,1,,203_B,10:00:00,11:00:00
203,LA,LA2030017,Aeropuerto,0,,203_A,11:00:00,11:45:00
203,LA,LA2030018,Estacion Atocha,1,,203_B,11:45:00,12:45:00
203,LA,LA2030019,Aeropuerto,0,,203_A,12:45:00,13:30:00
203,LA,LA20300110,Estacion Atocha,1,,203_B,13:30:00,14:30:00
203,LA,LA20300111,Aeropuerto,0,,203_A,14:30:00,15:15:00
203,LA,LA20300112,Estacion Atocha,1,,203_B,15:15:00,16:15:00
203,LA,LA20300113,Aeropuerto,0,,203_A,16:15:00,17:00:00
203,LA,LA20300114,Estacion Atocha,1,,203_B,17:00:00,18:00:00
203,LA,LA20300115,Aeropuerto,0,,203_A,18:00:00,18:45:00
203,LA,LA20300116,Estacion Atocha,1,,203_B,18:45:00,19:45:00
203,LA,LA20300117,Aeropuerto,0,,203_A,19:45:00,20:30:00
203,LA,LA20300118,Estacion Atocha,1,,203_B,20:30:00,21:30:00
203,LA,LA20300119,Aeropuerto,0,,203_A,21:30:00,22:15:00
203,LA,LA20300120,Estacion Atocha,1,,203_B,22:15:00,23:00:00
203,LA,LA20300121,Aeropuerto,0,,203_A,23:00:00,23:35:00
203,LA,LA2030021,Estacion Atocha,1,,203_B,06:00:00,06:40:00
203,LA,LA2030022,Aeropuerto,0,,203_A,06:40:00,07:19:59
203,LA,LA2030023,Estacion Atocha,1,,203_B,07:20:00,08:15:00
203,LA,LA2030024,Aeropuerto,0,,203_A,08:15:00,09:00:00
203,LA,LA2030025,Estacion Atocha,1,,203_B,09:00:00,10:00:00
203,LA,LA2030026,Aeropuerto,0,,203_A,10:00:00,10:45:00
203,LA,LA2030027,Estacion Atocha,1,,203_B,10:45:00,11:45:00
203,LA,LA2030028,Aeropuerto,0,,203_A,11:45:00,12:30:00
203,LA,LA2030029,Estacion Atocha,1,,203_B,12:30:00,13:30:00
203,LA,LA20300210,Aeropuerto,0,,203_A,13:30:00,14:15:00
203,LA,LA20300211,Estacion Atocha,1,,203_B,14:15:00,15:15:00
203,LA,LA20300212,Aeropuerto,0,,203_A,15:15:00,16:00:00
203,LA,LA20300213,Estacion Atocha,1,,203_B,16:00:00,17:00:00
203,LA,LA20300214,Aeropuerto,0,,203_A,17:00:00,17:45:00
203,LA,LA20300215,Estacion Atocha,1,,203_B,17:45:00,18:45:00
203,LA,LA20300216,Aeropuerto,0,,203_A,18:45:00,19:30:00
203,LA,LA20300217,Estacion Atocha,1,,203_B,19:30:00,20:30:00
203,LA,LA20300218,Aeropuerto,0,,203_A,20:30:00,21:15:00
203,LA,LA20300219,Estacion Atocha,1,,203_B,21:15:00,22:01:01
203,LA,LA2030031,Aeropuerto,0,,203_A,06:20:00,06:59:59
203,LA,LA2030032,Estacion Atocha,1,,203_B,07:00:00,07:40:00
203,LA,LA2030033,Aeropuerto,0,,203_A,07:40:00,08:30:00
203,LA,LA2030034,Estacion Atocha,1,,203_B,08:30:00,09:30:00
203,LA,LA2030035,Aeropuerto,0,,203_A,09:30:00,10:15:00
203,LA,LA2030036,Estacion Atocha,1,,203_B,10:15:00,11:15:00
203,LA,LA2030037,Aeropuerto,0,,203_A,11:15:00,12:00:00
203,LA,LA2030038,Estacion Atocha,1,,203_B,12:00:00,13:00:00
203,LA,LA2030039,Aeropuerto,0,,203_A,13:00:00,13:45:00
203,LA,LA20300310,Estacion Atocha,1,,203_B,13:45:00,14:45:00
203,LA,LA20300311,Aeropuerto,0,,203_A,14:45:00,15:30:00
203,LA,LA20300312,Estacion Atocha,1,,203_B,15:30:00,16:30:00
203,LA,LA20300313,Aeropuerto,0,,203_A,16:30:00,17:15:00
203,LA,LA20300314,Estacion Atocha,1,,203_B,17:15:00,18:15:00
203,LA,LA20300315,Aeropuerto,0,,203_A,18:15:00,19:00:00
203,LA,LA20300316,Estacion Atocha,1,,203_B,19:00:00,20:00:00
203,LA,LA20300317,Aeropuerto,0,,203_A,20:00:00,20:45:00
203,LA,LA20300318,Estacion Atocha,1,,203_B,20:45:00,21:45:00
203,LA,LA20300319,Aeropuerto,0,,203_A,21:45:00,22:30:00
203,LA,LA20300320,Estacion Atocha,1,,203_B,22:30:00,23:11:00
203,LA,LA2030041,Estacion Atocha,1,,203_B,06:20:00,07:00:00
203,LA,LA2030042,Aeropuerto,0,,203_A,07:00:00,07:39:59
203,LA,LA2030043,Estacion Atocha,1,,203_B,07:40:00,08:29:59
203,LA,LA2030044,Aeropuerto,0,,203_A,08:30:00,09:15:00
203,LA,LA2030045,Estacion Atocha,1,,203_B,09:15:00,10:15:00
203,LA,LA2030046,Aeropuerto,0,,203_A,10:15:00,11:00:00
203,LA,LA2030047,Estacion Atocha,1,,203_B,11:00:00,12:00:00
203,LA,LA2030048,Aeropuerto,0,,203_A,12:00:00,12:45:00
203,LA,LA2030049,Estacion Atocha,1,,203_B,12:45:00,13:45:00
203,LA,LA20300410,Aeropuerto,0,,203_A,13:45:00,14:30:00
203,LA,LA20300411,Estacion Atocha,1,,203_B,14:30:00,15:30:00
203,LA,LA20300412,Aeropuerto,0,,203_A,15:30:00,16:15:00
203,LA,LA20300413,Estacion Atocha,1,,203_B,16:15:00,17:15:00
203,LA,LA20300414,Aeropuerto,0,,203_A,17:15:00,18:00:00
203,LA,LA20300415,Estacion Atocha,1,,203_B,18:00:00,19:00:00
203,LA,LA20300416,Aeropuerto,0,,203_A,19:00:00,19:45:00
203,LA,LA20300417,Estacion Atocha,1,,203_B,19:45:00,20:45:00
203,LA,LA20300418,Aeropuerto,0,,203_A,20:45:00,21:30:00
203,LA,LA20300419,Estacion Atocha,1,,203_B,21:30:00,22:19:59
203,LA,LA20300420,Aeropuerto,0,,203_A,22:20:00,23:10:00
203,LA,LA20300421,Estacion Atocha,1,,203_B,23:10:00,23:50:00
203,LA,LA2030051,Aeropuerto,0,,203_A,08:00:00,08:45:00
203,LA,LA2030052,Estacion Atocha,1,,203_B,08:45:00,09:45:00
203,LA,LA2030053,Aeropuerto,0,,203_A,09:45:00,10:30:00
203,LA,LA2030054,Estacion Atocha,1,,203_B,10:30:00,11:30:00
203,LA,LA2030055,Aeropuerto,0,,203_A,11:30:00,12:15:00
203,LA,LA2030056,Estacion Atocha,1,,203_B,12:15:00,13:15:00
203,LA,LA2030057,Aeropuerto,0,,203_A,13:15:00,14:00:00
203,LA,LA2030058,Estacion Atocha,1,,203_B,14:00:00,15:00:00
203,LA,LA2030059,Aeropuerto,0,,203_A,15:00:00,15:45:00
203,LA,LA20300510,Estacion Atocha,1,,203_B,15:45:00,16:45:00
203,LA,LA20300511,Aeropuerto,0,,203_A,16:45:00,17:30:00
203,LA,LA20300512,Estacion Atocha,1,,203_B,17:30:00,18:30:00
203,LA,LA20300513,Aeropuerto,0,,203_A,18:30:00,19:15:00
203,LA,LA20300514,Estacion Atocha,1,,203_B,19:15:00,20:15:00
203,LA,LA20300515,Aeropuerto,0,,203_A,20:15:00,21:00:00
203,LA,LA20300516,Estacion Atocha,1,,203_B,21:00:00,22:00:00
203,LA,LA20300517,Aeropuerto,0,,203_A,22:00:00,22:50:00
203,LA,LA20300518,Estacion Atocha,1,,203_B,22:50:00,23:30:00
203,LA,LA20300519,Aeropuerto,0,,203_A,23:30:00,24:02:59
203,LA,LA2030061,Estacion Atocha,1,,203_B,08:00:00,09:00:00
203,LA,LA2030062,Aeropuerto,0,,203_A,09:00:00,09:45:00
203,LA,LA2030063,Estacion Atocha,1,,203_B,09:45:00,10:45:00
203,LA,LA2030064,Aeropuerto,0,,203_A,10:45:00,11:30:00
203,LA,LA2030065,Estacion Atocha,1,,203_B,11:30:00,12:30:00
203,LA,LA2030066,Aeropuerto,0,,203_A,12:30:00,13:15:00
203,LA,LA2030067,Estacion Atocha,1,,203_B,13:15:00,14:15:00
203,LA,LA2030068,Aeropuerto,0,,203_A,14:15:00,15:00:00
203,LA,LA2030069,Estacion Atocha,1,,203_B,15:00:00,16:00:00
203,LA,LA20300610,Aeropuerto,0,,203_A,16:00:00,16:45:00
203,LA,LA20300611,Estacion Atocha,1,,203_B,16:45:00,17:45:00
203,LA,LA20300612,Aeropuerto,0,,203_A,17:45:00,18:30:00
203,LA,LA20300613,Estacion Atocha,1,,203_B,18:30:00,19:30:00
203,LA,LA20300614,Aeropuerto,0,,203_A,19:30:00,20:15:00
203,LA,LA20300615,Estacion Atocha,1,,203_B,20:15:00,21:15:00
203,LA,LA20300616,Aeropuerto,0,,203_A,21:15:00,22:00:00
203,LA,LA20300617,Estacion Atocha,1,,203_B,22:00:00,22:45:00
203,LA,LA2030071,Aeropuerto,0,,203_A,08:45:00,09:30:00
203,LA,LA2030072,Estacion Atocha,1,,203_B,09:30:00,10:30:00
203,LA,LA2030073,Aeropuerto,0,,203_A,10:30:00,11:15:00
203,LA,LA2030074,Estacion Atocha,1,,203_B,11:15:00,12:15:00
203,LA,LA2030075,Aeropuerto,0,,203_A,12:15:00,13:00:00
203,LA,LA2030076,Estacion Atocha,1,,203_B,13:00:00,14:00:00
203,LA,LA2030077,Aeropuerto,0,,203_A,14:00:00,14:45:00
203,LA,LA2030078,Estacion Atocha,1,,203_B,14:45:00,15:45:00
203,LA,LA2030079,Aeropuerto,0,,203_A,15:45:00,16:30:00
203,LA,LA20300710,Estacion Atocha,1,,203_B,16:30:00,17:30:00
203,LA,LA20300711,Aeropuerto,0,,203_A,17:30:00,18:15:00
203,LA,LA20300712,Estacion Atocha,1,,203_B,18:15:00,19:15:00
203,LA,LA20300713,Aeropuerto,0,,203_A,19:15:00,20:00:00
203,LA,LA20300714,Estacion Atocha,1,,203_B,20:00:00,21:00:00
203,LA,LA20300715,Aeropuerto,0,,203_A,21:00:00,21:45:00
203,LA,LA20300716,Estacion Atocha,1,,203_B,21:45:00,22:40:00
203,LA,LA20300717,Aeropuerto,0,,203_A,22:40:00,23:30:00
203,LA,LA20300718,Estacion Atocha,1,,203_B,23:30:00,24:10:00
203,SA,SA2030011,Aeropuerto,0,,203_A,06:00:00,06:39:59
203,SA,SA2030012,Estacion Atocha,1,,203_B,06:40:00,07:20:00
203,SA,SA2030013,Aeropuerto,0,,203_A,07:20:00,07:59:59
203,SA,SA2030014,Estacion Atocha,1,,203_B,08:00:00,08:45:00
203,SA,SA2030015,Aeropuerto,0,,203_A,08:45:00,09:24:59
203,SA,SA2030016,Estacion Atocha,1,,203_B,09:25:00,10:14:59
203,SA,SA2030017,Aeropuerto,0,,203_A,10:15:00,10:54:59
203,SA,SA2030018,Estacion Atocha,1,,203_B,10:55:00,11:44:59
203,SA,SA2030021,Estacion Atocha,1,,203_B,06:00:00,06:40:00
203,SA,SA2030022,Aeropuerto,0,,203_A,06:40:00,07:19:59
203,SA,SA2030023,Estacion Atocha,1,,203_B,07:20:00,08:00:00
203,SA,SA2030024,Aeropuerto,0,,203_A,08:00:00,08:39:59
203,SA,SA2030025,Estacion Atocha,1,,203_B,08:40:00,09:29:59
203,SA,SA2030026,Aeropuerto,0,,203_A,09:30:00,10:09:59
203,SA,SA2030027,Estacion Atocha,1,,203_B,10:10:00,11:06:00
203,SA,SA2030028,Aeropuerto,0,,203_A,11:06:00,11:45:59
203,SA,SA2030029,Estacion Atocha,1,,203_B,11:46:00,12:35:59
203,SA,SA20300210,Aeropuerto,0,,203_A,12:36:00,13:15:59
203,SA,SA20300211,Estacion Atocha,1,,203_B,13:16:00,14:05:59
203,SA,SA20300212,Aeropuerto,0,,203_A,14:06:00,14:45:59
203,SA,SA20300213,Estacion Atocha,1,,203_B,14:46:00,15:35:59
203,SA,SA20300214,Aeropuerto,0,,203_A,15:36:00,16:15:59
203,SA,SA20300215,Estacion Atocha,1,,203_B,16:16:00,17:05:59
203,SA,SA20300216,Aeropuerto,0,,203_A,17:06:00,17:45:59
203,SA,SA20300217,Estacion Atocha,1,,203_B,17:46:00,18:35:59
203,SA,SA20300218,Aeropuerto,0,,203_A,18:36:00,19:15:59
203,SA,SA20300219,Estacion Atocha,1,,203_B,19:16:00,20:05:59
203,SA,SA20300220,Aeropuerto,0,,203_A,20:06:00,20:44:00
203,SA,SA20300221,Estacion Atocha,1,,203_B,20:44:00,21:36:01
203,SA,SA20300222,Aeropuerto,0,,203_A,21:36:00,22:11:00
203,SA,SA20300223,Estacion Atocha,1,,203_B,22:11:00,23:00:01
203,SA,SA20300224,Aeropuerto,0,,203_A,23:00:00,23:30:00
203,SA,SA20300225,Estacion Atocha,1,,203_B,23:30:00,24:10:00
203,SA,SA2030031,Aeropuerto,0,,203_A,06:20:00,06:59:59
203,SA,SA2030032,Estacion Atocha,1,,203_B,07:00:00,07:40:00
203,SA,SA2030033,Aeropuerto,0,,203_A,07:40:00,08:19:59
203,SA,SA2030034,Estacion Atocha,1,,203_B,08:20:00,09:00:00
203,SA,SA2030035,Aeropuerto,0,,203_A,09:00:00,09:39:59
203,SA,SA2030036,Estacion Atocha,1,,203_B,09:40:00,10:29:59
203,SA,SA2030037,Aeropuerto,0,,203_A,10:30:00,11:09:59
203,SA,SA2030038,Estacion Atocha,1,,203_B,11:10:00,11:59:59
203,SA,SA2030039,Aeropuerto,0,,203_A,12:00:00,12:39:59
203,SA,SA20300310,Estacion Atocha,1,,203_B,12:40:00,13:29:59
203,SA,SA20300311,Aeropuerto,0,,203_A,13:30:00,14:09:59
203,SA,SA20300312,Estacion Atocha,1,,203_B,14:10:00,14:59:59
203,SA,SA20300313,Aeropuerto,0,,203_A,15:00:00,15:39:59
203,SA,SA20300314,Estacion Atocha,1,,203_B,15:40:00,16:29:59
203,SA,SA20300315,Aeropuerto,0,,203_A,16:30:00,17:09:59
203,SA,SA20300316,Estacion Atocha,1,,203_B,17:10:00,17:59:59
203,SA,SA20300317,Aeropuerto,0,,203_A,18:00:00,18:39:59
203,SA,SA20300318,Estacion Atocha,1,,203_B,18:40:00,19:29:59
203,SA,SA20300319,Aeropuerto,0,,203_A,19:30:00,20:09:00
203,SA,SA20300320,Estacion Atocha,1,,203_B,20:09:00,20:58:59
203,SA,SA20300321,Aeropuerto,0,,203_A,20:59:00,21:35:00
203,SA,SA20300322,Estacion Atocha,1,,203_B,21:35:00,22:15:00
203,SA,SA2030041,Estacion Atocha,1,,203_B,06:20:00,07:00:00
203,SA,SA2030042,Aeropuerto,0,,203_A,07:00:00,07:39:59
203,SA,SA2030043,Estacion Atocha,1,,203_B,07:40:00,08:29:59
203,SA,SA2030044,Aeropuerto,0,,203_A,08:30:00,09:09:59
203,SA,SA2030045,Estacion Atocha,1,,203_B,09:10:00,09:59:59
203,SA,SA2030046,Aeropuerto,0,,203_A,10:00:00,10:39:59
203,SA,SA2030047,Estacion Atocha,1,,203_B,10:40:00,11:42:00
203,SA,SA2030048,Aeropuerto,0,,203_A,11:42:00,12:21:59
203,SA,SA2030049,Estacion Atocha,1,,203_B,12:22:00,13:11:59
203,SA,SA20300410,Aeropuerto,0,,203_A,13:12:00,13:51:59
203,SA,SA20300411,Estacion Atocha,1,,203_B,13:52:00,14:41:59
203,SA,SA20300412,Aeropuerto,0,,203_A,14:42:00,15:21:59
203,SA,SA20300413,Estacion Atocha,1,,203_B,15:22:00,16:11:59
203,SA,SA20300414,Aeropuerto,0,,203_A,16:12:00,16:51:59
203,SA,SA20300415,Estacion Atocha,1,,203_B,16:52:00,17:41:59
203,SA,SA20300416,Aeropuerto,0,,203_A,17:42:00,18:21:59
203,SA,SA20300417,Estacion Atocha,1,,203_B,18:22:00,19:11:59
203,SA,SA20300418,Aeropuerto,0,,203_A,19:12:00,19:51:59
203,SA,SA20300419,Estacion Atocha,1,,203_B,19:52:00,20:41:59
203,SA,SA20300420,Aeropuerto,0,,203_A,20:42:00,21:18:00
203,SA,SA20300421,Estacion Atocha,1,,203_B,21:18:00,22:15:00
203,SA,SA20300422,Aeropuerto,0,,203_A,22:15:00,22:50:00
203,SA,SA20300423,Estacion Atocha,1,,203_B,22:50:00,23:30:00
203,SA,SA20300424,Aeropuerto,0,,203_A,23:30:00,24:00:00
203,SA,SA2030051,Aeropuerto,0,,203_A,08:15:00,08:54:59
203,SA,SA2030052,Estacion Atocha,1,,203_B,08:55:00,09:44:59
203,SA,SA2030053,Aeropuerto,0,,203_A,09:45:00,10:24:59
203,SA,SA2030054,Estacion Atocha,1,,203_B,10:25:00,11:24:01
203,SA,SA2030055,Aeropuerto,0,,203_A,11:24:00,12:03:59
203,SA,SA2030056,Estacion Atocha,1,,203_B,12:04:00,12:53:59
203,SA,SA2030057,Aeropuerto,0,,203_A,12:54:00,13:33:59
203,SA,SA2030058,Estacion Atocha,1,,203_B,13:34:00,14:23:59
203,SA,SA2030059,Aeropuerto,0,,203_A,14:24:00,15:03:59
203,SA,SA20300510,Estacion Atocha,1,,203_B,15:04:00,15:53:59
203,SA,SA20300511,Aeropuerto,0,,203_A,15:54:00,16:33:59
203,SA,SA20300512,Estacion Atocha,1,,203_B,16:34:00,17:23:59
203,SA,SA20300513,Aeropuerto,0,,203_A,17:24:00,18:03:59
203,SA,SA20300514,Estacion Atocha,1,,203_B,18:04:00,18:53:59
203,SA,SA20300515,Aeropuerto,0,,203_A,18:54:00,19:33:59
203,SA,SA20300516,Estacion Atocha,1,,203_B,19:34:00,20:23:59
203,SA,SA20300517,Aeropuerto,0,,203_A,20:24:00,21:01:01
203,SA,SA20300518,Estacion Atocha,1,,203_B,21:01:00,21:54:59
203,SA,SA20300519,Aeropuerto,0,,203_A,21:55:00,22:30:00
203,SA,SA20300520,Estacion Atocha,1,,203_B,22:30:00,23:10:00
203,SA,SA2030061,Aeropuerto,0,,203_A,09:15:00,09:54:59
203,SA,SA2030062,Estacion Atocha,1,,203_B,09:55:00,10:48:00
203,SA,SA2030063,Aeropuerto,0,,203_A,10:48:00,11:27:59
203,SA,SA2030064,Estacion Atocha,1,,203_B,11:28:00,12:17:59
203,SA,SA2030065,Aeropuerto,0,,203_A,12:18:00,12:57:59
203,SA,SA2030066,Estacion Atocha,1,,203_B,12:58:00,13:47:59
203,SA,SA2030067,Aeropuerto,0,,203_A,13:48:00,14:27:59
203,SA,SA2030068,Estacion Atocha,1,,203_B,14:28:00,15:17:59
203,SA,SA2030069,Aeropuerto,0,,203_A,15:18:00,15:57:59
203,SA,SA20300610,Estacion Atocha,1,,203_B,15:58:00,16:47:59
203,SA,SA20300611,Aeropuerto,0,,203_A,16:48:00,17:27:59
203,SA,SA20300612,Estacion Atocha,1,,203_B,17:28:00,18:17:59
203,SA,SA20300613,Aeropuerto,0,,203_A,18:18:00,18:57:59
203,SA,SA20300614,Estacion Atocha,1,,203_B,18:58:00,19:47:59
203,SA,SA20300615,Aeropuerto,0,,203_A,19:48:00,20:26:00
203,SA,SA20300616,Estacion Atocha,1,,203_B,20:26:00,21:17:00
203,SA,SA20300617,Aeropuerto,0,,203_A,21:17:00,21:53:00
203,SA,SA20300618,Estacion Atocha,1,,203_B,21:53:00,22:35:00
203,SA,SA20300619,Aeropuerto,0,,203_A,22:35:00,23:10:00
203,SA,SA20300620,Estacion Atocha,1,,203_B,23:10:00,23:50:00
455,LA,LA4550011,las Tablas,0,,455_A,06:35:00,07:00:01
455,LA,LA4550012,Est. Fuencarral,1,,455_B,07:00:00,07:24:00
455,LA,LA4550013,las Tablas,0,,455_A,07:24:00,07:48:00
455,LA,LA4550014,Est. Fuencarral,1,,455_B,07:48:00,08:14:00
455,LA,LA4550015,las Tablas,0,,455_A,08:14:00,08:44:01
455,LA,LA4550016,Est. Fuencarral,1,,455_B,08:44:00,09:10:00
455,LA,LA4550017,las Tablas,0,,455_A,09:10:00,09:36:02
455,LA,LA4550021,las Tablas,0,,455_A,06:45:00,07:10:01
455,LA,LA4550022,Est. Fuencarral,1,,455_B,07:10:00,07:41:00
455,LA,LA4550023,las Tablas,0,,455_A,07:41:00,08:06:01
455,LA,LA4550024,Est. Fuencarral,1,,455_B,08:06:00,08:32:00
455,LA,LA4550025,las Tablas,0,,455_A,08:32:00,09:02:01
455,LA,LA4550026,Est. Fuencarral,1,,455_B,09:02:00,09:28:00
455,LA,LA4550027,las Tablas,0,,455_A,09:28:00,10:01:01
455,LA,LA4550028,Est. Fuencarral,1,,455_B,10:01:00,10:25:00
455,LA,LA4550029,las Tablas,0,,455_A,10:25:00,10:50:01
455,LA,LA45500210,Est. Fuencarral,1,,455_B,10:50:00,11:14:00
455,LA,LA45500211,las Tablas,0,,455_A,11:14:00,11:38:00
455,LA,LA45500212,Est. Fuencarral,1,,455_B,11:38:00,12:02:00
455,LA,LA45500213,las Tablas,0,,455_A,12:02:00,12:26:00
455,LA,LA45500214,Est. Fuencarral,1,,455_B,12:26:00,12:50:00
455,LA,LA45500215,las Tablas,0,,455_A,12:50:00,13:14:00
455,LA,LA45500216,Est. Fuencarral,1,,455_B,13:14:00,13:38:00
455,LA,LA45500217,las Tablas,0,,455_A,13:38:00,14:02:00
455,LA,LA45500218,Est. Fuencarral,1,,455_B,14:02:00,14:28:00
455,LA,LA45500219,las Tablas,0,,455_A,14:28:00,14:52:00
455,LA,LA45500220,Est. Fuencarral,1,,455_B,14:52:00,15:18:00
455,LA,LA45500221,las Tablas,0,,455_A,15:18:00,15:42:00
455,LA,LA45500222,Est. Fuencarral,1,,455_B,15:42:00,16:06:00
455,LA,LA45500223,las Tablas,0,,455_A,16:06:00,16:30:00
455,LA,LA45500224,Est. Fuencarral,1,,455_B,16:30:00,16:54:00
455,LA,LA45500225,las Tablas,0,,455_A,16:54:00,17:18:00
455,LA,LA45500226,Est. Fuencarral,1,,455_B,17:18:00,17:45:00
455,LA,LA45500227,las Tablas,0,,455_A,17:45:00,18:09:00
455,LA,LA45500228,Est. Fuencarral,1,,455_B,18:09:00,18:37:00
455,LA,LA45500229,las Tablas,0,,455_A,18:37:00,19:01:00
455,LA,LA45500230,Est. Fuencarral,1,,455_B,19:01:00,19:27:00
455,LA,LA45500231,las Tablas,0,,455_A,19:27:00,20:00:01
455,LA,LA45500232,Est. Fuencarral,1,,455_B,20:00:00,20:24:00
455,LA,LA45500233,las Tablas,0,,455_A,20:24:00,20:46:02
455,LA,LA45500234,Est. Fuencarral,1,,455_B,20:46:00,21:10:00
455,LA,LA45500235,las Tablas,0,,455_A,21:10:00,21:34:00
455,LA,LA45500236,Est. Fuencarral,1,,455_B,21:34:00,22:00:00
455,LA,LA45500237,las Tablas,0,,455_A,22:00:00,22:25:01
455,LA,LA45500238,Est. Fuencarral,1,,455_B,22:25:00,22:45:00
455,LA,LA4550031,las Tablas,0,,455_A,06:55:00,07:20:01
455,LA,LA4550032,Est. Fuencarral,1,,455_B,07:20:00,07:49:00
455,LA,LA4550033,las Tablas,0,,455_A,07:49:00,08:16:02
455,LA,LA4550034,Est. Fuencarral,1,,455_B,08:16:00,08:42:00
455,LA,LA4550035,las Tablas,0,,455_A,08:42:00,09:12:01
455,LA,LA4550036,Est. Fuencarral,1,,455_B,09:12:00,09:38:00
455,LA,LA4550037,las Tablas,0,,455_A,09:38:00,10:04:02
455,LA,LA4550041,las Tablas,0,,455_A,07:05:00,07:30:01
455,LA,LA4550042,Est. Fuencarral,1,,455_B,07:30:00,07:57:00
455,LA,LA4550043,las Tablas,0,,455_A,07:57:00,08:26:00
455,LA,LA4550044,Est. Fuencarral,1,,455_B,08:26:00,08:52:00
455,LA,LA4550045,las Tablas,0,,455_A,08:52:00,09:23:01
455,LA,LA4550046,Est. Fuencarral,1,,455_B,09:23:00,09:49:00
455,LA,LA4550047,las Tablas,0,,455_A,09:49:00,10:14:01
455,LA,LA4550048,Est. Fuencarral,1,,455_B,10:14:00,10:38:00
455,LA,LA4550049,las Tablas,0,,455_A,10:38:00,11:02:00
455,LA,LA45500410,Est. Fuencarral,1,,455_B,11:02:00,11:26:00
455,LA,LA45500411,las Tablas,0,,455_A,11:26:00,11:50:00
455,LA,LA45500412,Est. Fuencarral,1,,455_B,11:50:00,12:14:00
455,LA,LA45500413,las Tablas,0,,455_A,12:14:00,12:38:00
455,LA,LA45500414,Est. Fuencarral,1,,455_B,12:38:00,13:02:00
455,LA,LA45500415,las Tablas,0,,455_A,13:02:00,13:26:00
455,LA,LA45500416,Est. Fuencarral,1,,455_B,13:26:00,13:50:00
455,LA,LA45500417,las Tablas,0,,455_A,13:50:00,14:14:00
455,LA,LA45500418,Est. Fuencarral,1,,455_B,14:14:00,14:40:00
455,LA,LA45500419,las Tablas,0,,455_A,14:40:00,15:04:00
455,LA,LA45500420,Est. Fuencarral,1,,455_B,15:04:00,15:30:00
455,LA,LA45500421,las Tablas,0,,455_A,15:30:00,15:54:00
455,LA,LA45500422,Est. Fuencarral,1,,455_B,15:54:00,16:18:00
455,LA,LA45500423,las Tablas,0,,455_A,16:18:00,16:42:00
455,LA,LA45500424,Est. Fuencarral,1,,455_B,16:42:00,17:07:01
455,LA,LA45500425,las Tablas,0,,455_A,17:07:00,17:31:00
455,LA,LA45500426,Est. Fuencarral,1,,455_B,17:31:00,17:58:00
455,LA,LA45500427,las Tablas,0,,455_A,17:58:00,18:22:00
455,LA,LA45500428,Est. Fuencarral,1,,455_B,18:22:00,18:50:00
455,LA,LA45500429,las Tablas,0,,455_A,18:50:00,19:15:01
455,LA,LA45500430,Est. Fuencarral,1,,455_B,19:15:00,19:41:00
455,LA,LA45500431,las Tablas,0,,455_A,19:41:00,20:15:01
455,LA,LA45500432,Est. Fuencarral,1,,455_B,20:15:00,20:39:00
455,LA,LA45500433,las Tablas,0,,455_A,20:39:00,21:02:01
455,LA,LA45500434,Est. Fuencarral,1,,455_B,21:02:00,21:26:00
455,LA,LA45500435,las Tablas,0,,455_A,21:26:00,21:50:00
455,LA,LA45500436,Est. Fuencarral,1,,455_B,21:50:00,22:10:00
455,LA,LA4550051,las Tablas,0,,455_A,07:15:00,07:39:00
455,LA,LA4550052,Est. Fuencarral,1,,455_B,07:39:00,08:05:00
455,LA,LA4550053,las Tablas,0,,455_A,08:05:00,08:35:01
455,LA,LA4550054,Est. Fuencarral,1,,455_B,08:35:00,09:01:00
455,LA,LA4550055,las Tablas,0,,455_A,09:01:00,09:35:01
455,LA,LA4550056,Est. Fuencarral,1,,455_B,09:35:00,10:01:00
455,LA,LA4550057,las Tablas,0,,455_A,10:01:00,10:26:01
455,LA,LA4550058,Est. Fuencarral,1,,455_B,10:26:00,10:50:00
455,LA,LA4550059,las Tablas,0,,455_A,10:50:00,11:14:00
455,LA,LA45500510,Est. Fuencarral,1,,455_B,11:14:00,11:38:00
455,LA,LA45500511,las Tablas,0,,455_A,11:38:00,12:02:00
455,LA,LA45500512,Est. Fuencarral,1,,455_B,12:02:00,12:26:00
455,LA,LA45500513,las Tablas,0,,455_A,12:26:00,12:50:00
455,LA,LA45500514,Est. Fuencarral,1,,455_B,12:50:00,13:14:00
455,LA,LA45500515,las Tablas,0,,455_A,13:14:00,13:38:00
455,LA,LA45500516,Est. Fuencarral,1,,455_B,13:38:00,14:02:00
455,LA,LA45500517,las Tablas,0,,455_A,14:02:00,14:26:00
455,LA,LA45500518,Est. Fuencarral,1,,455_B,14:26:00,14:52:00
455,LA,LA45500519,las Tablas,0,,455_A,14:52:00,15:16:00
455,LA,LA45500520,Est. Fuencarral,1,,455_B,15:16:00,15:42:00
455,LA,LA45500521,las Tablas,0,,455_A,15:42:00,16:06:00
455,LA,LA45500522,Est. Fuencarral,1,,455_B,16:06:00,16:30:00
455,LA,LA45500523,las Tablas,0,,455_A,16:30:00,16:54:00
455,LA,LA45500524,Est. Fuencarral,1,,455_B,16:54:00,17:20:00
455,LA,LA45500525,las Tablas,0,,455_A,17:20:00,17:44:00
455,LA,LA45500526,Est. Fuencarral,1,,455_B,17:44:00,18:11:00
455,LA,LA45500527,las Tablas,0,,455_A,18:11:00,18:35:00
455,LA,LA45500528,Est. Fuencarral,1,,455_B,18:35:00,19:03:00
455,LA,LA45500529,las Tablas,0,,455_A,19:03:00,19:30:02
455,LA,LA45500530,Est. Fuencarral,1,,455_B,19:30:00,19:55:01
455,LA,LA45500531,las Tablas,0,,455_A,19:55:00,20:17:02
455,LA,LA4550061,las Tablas,0,,455_A,07:33:00,07:57:00
455,LA,LA4550062,Est. Fuencarral,1,,455_B,07:57:00,08:23:00
455,LA,LA4550063,las Tablas,0,,455_A,08:23:00,08:53:01
455,LA,LA4550064,Est. Fuencarral,1,,455_B,08:53:00,09:19:00
455,LA,LA4550065,las Tablas,0,,455_A,09:19:00,09:48:00
455,LA,LA4550066,Est. Fuencarral,1,,455_B,09:48:00,10:13:01
455,LA,LA4550067,las Tablas,0,,455_A,10:13:00,10:38:01
455,LA,LA4550068,Est. Fuencarral,1,,455_B,10:38:00,11:02:00
455,LA,LA4550069,las Tablas,0,,455_A,11:02:00,11:26:00
455,LA,LA45500610,Est. Fuencarral,1,,455_B,11:26:00,11:50:00
455,LA,LA45500611,las Tablas,0,,455_A,11:50:00,12:14:00
455,LA,LA45500612,Est. Fuencarral,1,,455_B,12:14:00,12:38:00
455,LA,LA45500613,las Tablas,0,,455_A,12:38:00,13:02:00
455,LA,LA45500614,Est. Fuencarral,1,,455_B,13:02:00,13:26:00
455,LA,LA45500615,las Tablas,0,,455_A,13:26:00,13:50:00
455,LA,LA45500616,Est. Fuencarral,1,,455_B,13:50:00,14:15:01
455,LA,LA45500617,las Tablas,0,,455_A,14:15:00,14:39:00
455,LA,LA45500618,Est. Fuencarral,1,,455_B,14:39:00,15:05:00
455,LA,LA45500619,las Tablas,0,,455_A,15:05:00,15:29:00
455,LA,LA45500620,Est. Fuencarral,1,,455_B,15:29:00,15:54:01
455,LA,LA45500621,las Tablas,0,,455_A,15:54:00,16:18:00
455,LA,LA45500622,Est. Fuencarral,1,,455_B,16:18:00,16:42:00
455,LA,LA45500623,las Tablas,0,,455_A,16:42:00,17:06:00
455,LA,LA45500624,Est. Fuencarral,1,,455_B,17:06:00,17:32:00
455,LA,LA45500625,las Tablas,0,,455_A,17:32:00,17:56:00
455,LA,LA45500626,Est. Fuencarral,1,,455_B,17:56:00,18:24:00
455,LA,LA45500627,las Tablas,0,,455_A,18:24:00,18:48:00
455,LA,LA45500628,Est. Fuencarral,1,,455_B,18:48:00,19:15:00
455,LA,LA45500629,las Tablas,0,,455_A,19:15:00,19:45:01
455,LA,LA45500630,Est. Fuencarral,1,,455_B,19:45:00,20:09:00
455,LA,LA45500631,las Tablas,0,,455_A,20:09:00,20:31:02
455,LA,LA45500632,Est. Fuencarral,1,,455_B,20:31:00,20:54:00
455,LA,LA45500633,las Tablas,0,,455_A,20:54:00,21:18:00
455,LA,LA45500634,Est. Fuencarral,1,,455_B,21:18:00,21:42:00
455,LA,LA45500635,las Tablas,0,,455_A,21:42:00,22:07:01
455,LA,LA45500636,Est. Fuencarral,1,,455_B,22:07:00,22:27:00
